SITE.N,OLD SITE.N,SITE,HAB,HAB2,HAB3,DEPTH,E.UTM1,N.UTM1,E.UTM2,N.UTM2,ACCUR.H,ELEVAT,,,,,,,,
NA,NA,NA,NA,NA,,,,,,,,,,,,,,,,
BEF.LML.001,1,LODGE,R,R,,,,,,,5M,,,,,,,,,
BEF.LML.002,2,LODGE TO ROCK DOCK,S,S,,,,,,,,,,,,,,,,
BEF.LML.003,3,ROCK DOCK,R,R,,,,,,,,,,,,,,,,
BEF.LML.004,4,MILO'S SANDY SHORE,S,S,,,,,,,,,,,,,,,,
BEF.LML.005,5,PUNKY BAY,SW,DA,,,,,,,,,,,,,,,,
BEF.LML.006,6,GULL ROCK AND ADJACENT SHORE,R,R,,,,,,,,,,,,,,,,
BEF.LML.007,7,SNORKEL COVES,R,R,,,,,,,,,,,,,,,,
BEF.LML.008,8,SALTBOX BOATHOUSE,R,R,,,,,,,,,,,,,,,,
BEF.LML.009,9,LAKER SHOAL,R,R,,,,,,,,,,,,,,,,
BEF.LML.010,10,EAST BAY DIVING BOARD CLIFFS,RW,RW,,,,,,,,,,,,,,,,
BEF.LML.011,11,GRASSY CORNER,R,R,,,507020,507209,4837705,4837700,,,,,,,,,,
BEF.LML.012,12,JOHN RIGGS SHORELINE,S,S,,,507209,507526,4837700,4837565,,,,,,,,,,
BEF.LML.013,13,RPUFVDG,R,R,,,507526,507590,4837565,4837478,,,,,,,,,,
BEF.LML.014,14,VAN DE GRACHT'S,RW,RW,,,507590,507526,4837478,4837260,,,,,,,,,,
BEF.LML.015,15,FAR AWAY CORNER,RW,RW,,,,,,,,,,,,,,,,
BEF.LML.016,16,EAST BAY DEEP BACK SIDE,R,R,,,,,,,,,,,,,,,,
BEF.LML.017,17,PICO COVE ROCK FLAT,R,R,,,,,,,,,,,,,,,,
BEF.LML.018,18,PICO COVE,S,DA,,,507555,507505,4836959,4836964,,,,,,,,,,
BEF.LML.019,19,LIFE PRESERVER BAY,SW,SW,,,507505,507364,4836964,4837083,,,,,,,,,,
BEF.LML.020,20,EAST BAY WOOD SHORE,SW,SW,,,507364,506910,4837083,4837062,,,,,,,,,,
BEF.LML.021,21,MINNOW BAY AND PANTHER OUTLET,S,DA,,,506702,506497,4837050,4837070,,,,,,,,,,
BEF.LML.022,22,BRUSHWOOD ROCK FLAT,R,R,,,506497,506291,4837070,4837040,,,,,,,,,,
BEF.LML.023,23,BRUSHWOOD TO PANTHER CAMP,S,S,,,506291,506120,4837040,4837097,,,,,,,,,,
BEF.LML.024,24,PANTHER CAMP TO NO GOOD BOATHOUSE,SW,SW,,,506120,505385,4837097,4836972,,,,,,,,,,
BEF.LML.025,25,NO GOOD BOATHOUSE TO YEAH RIGHT ROCKS,SW,SW,,,505385,505213,4836972,4836478,,,,,,,,,,
BEF.LML.026,26,YEAH RIGHT ROCKS,R,R,,,,,,,,,,,,,,,,
BEF.LML.027,27,OUTLET WOOD SHORE,SW,SW,,,,,,,,,,,,,,,,
BEF.LML.028,28,OUTLET,S,DA,,,,,,,,,,,,,,,,
BEF.LML.029,29,OUTLET ROCK FLAT,R,R,,,,,,,,,,,,,,,,
BEF.LML.030,30,NEW ROCK SHOAL,R,R,,,506910,506702,4837062,4837050,,,,,,,,,,
BEF.LML.031,31,OUTLET TO LODGE,S,S,,,,,,,,,,,,,,,,
BEF.LML.032,32,NO SHOCK ZONE,S,S,,,,,,,,,,,,,,,,
BEF.LML.033,33,LODGE CRIB,RW,RW,,,,,,,,,,,,,,,,
BEF.LML.034,34,PRICE DOCK PUNKY BAY,RW,RW,,,,,,,,,,,,,,,,
BEF.LML.035,35,SNORKEL ROCK,R,R,,,,,,,,,,,,,,,,
BEF.LML.036,36,SUNKEN DOCK DIVING BOARD CLIFFS,RW,RW,,,,,,,,,,,,,,,,
BEF.LML.037,37,CAVE AND ROCKPILE EAST BAY WOOD SHORE,RW,RW,,,,,,,,,,,,,,,,
BEF.LML.038,38,FENTON BOAT SLIP AND SUNKEN DOCK,SW,SW,,,,,,,,,,,,,,,,
BEF.LML.039,39,SUNKEN DOCK YEAH RIGHT ROCKS,RW,RW,,,,,,,,,,,,,,,,
BEF.LML.040,40,WEIRD FLAG SLINGLUFF BOAT SLIP,SW,SW,,,,,,,,,,,,,,,,
BEF.LML.041,41,CATTAIL BED BOAT SLIP,SW,SW,,,,,,,,,,,,,,,,
BEF.LML.042,42,THAD COLLUMN'S BOAT SLIP,SW,SW,,,,,,,,,,,,,,,,
BEF.LML.101,101,QEF.001,UNK,,,,,,,,,,,,,,,,,
BEF.LML.102,102,QEF.102,UNK,,,,,,,,,,,,,,,,,
BEF.LML.103,103,QEF.103,UNK,,,,,,,,,,,,,,,,,
BEF.LML.104,104,QEF.104,UNK,,,,,,,,,,,,,,,,,
BEF.LML.105,105,QEF.105,UNK,,,,,,,,,,,,,,,,,
BEF.LML.106,106,QEF.106,UNK,,,,,,,,,,,,,,,,,
BEF.LML.109,107,QEF.109,UNK,,,,,,,,,,,,,,,,,
BEF.LML.111,108,QEF.111,UNK,,,,,,,,,,,,,,,,,
BEF.LML.112,109,QEF.112,UNK,,,,,,,,,,,,,,,,,
BEF.LML.113,110,QEF.113,UNK,,,,,,,,,,,,,,,,,
BEF.LML.115,111,QEF.115,UNK,,,,,,,,,,,,,,,,,
BEF.LML.116,112,QEF.116,UNK,,,,,,,,,,,,,,,,,
BEF.LML.118,113,QEF.118,UNK,,,,,,,,,,,,,,,,,
BEF.LML.120,114,QEF.120,UNK,,,,,,,,,,,,,,,,,
BEF.LML.121,115,QEF.121,UNK,,,,,,,,,,,,,,,,,
BEF.LML.122,116,QEF.122,UNK,,,,,,,,,,,,,,,,,
BEF.LML.123,117,QEF.123,UNK,,,,,,,,,,,,,,,,,
BEF.LML.124,118,QEF.124,UNK,,,,,,,,,,,,,,,,,
BEF.LML.125,119,QEF.125,UNK,,,,,,,,,,,,,,,,,
BEF.LML.127,120,QEF.127,UNK,,,,,,,,,,,,,,,,,
BEF.LML.128,121,QEF.128,UNK,,,,,,,,,,,,,,,,,
BEF.LML.130,122,QEF.130,UNK,,,,,,,,,,,,,,,,,
BEF.LML.132,123,QEF.132,UNK,,,,,,,,,,,,,,,,,
BEF.LML.133,124,QEF.133,UNK,,,,,,,,,,,,,,,,,
BEF.LML.134,125,QEF.134,UNK,,,,,,,,,,,,,,,,,
BEF.LML.136,126,QEF.136,UNK,,,,,,,,,,,,,,,,,
BEF.LML.137,127,QEF.137,UNK,,,,,,,,,,,,,,,,,
BEF.LML.139,128,QEF.139,UNK,,,,,,,,,,,,,,,,,
BEF.LML.140,129,QEF.140,UNK,,,,,,,,,,,,,,,,,
BEF.LML.141,130,QEF.141,UNK,,,,,,,,,,,,,,,,,
BEF.LML.143,131,QEF.143,UNK,,,,,,,,,,,,,,,,,
BEF.LML.144,132,QEF.144,UNK,,,,,,,,,,,,,,,,,
BEF.LML.146,133,QEF.146,UNK,,,,,,,,,,,,,,,,,
BEF.LML.147,134,QEF.147,UNK,,,,,,,,,,,,,,,,,
BEF.LML.149,135,QEF.149,UNK,,,,,,,,,,,,,,,,,
BEF.LML.152,136,QEF.152,UNK,,,,,,,,,,,,,,,,,
BEF.LML.153,137,QEF.153,UNK,,,,,,,,,,,,,,,,,
BEF.LML.156,138,QEF.156,UNK,,,,,,,,,,,,,,,,,
BEF.LML.157,139,QEF.157,UNK,,,,,,,,,,,,,,,,,
BEF.LML.159,140,QEF.159,UNK,,,,,,,,,,,,,,,,,
BEF.LML.160,141,QEF.160,UNK,,,,,,,,,,,,,,,,,
BEF.LML.161,142,QEF.161,UNK,,,,,,,,,,,,,,,,,
BEF.LML.162,143,QEF.162,UNK,,,,,,,,,,,,,,,,,
BEF.LML.163,144,QEF.163,UNK,,,,,,,,,,,,,,,,,
BEF.LML.164,145,QEF.164,UNK,,,,,,,,,,,,,,,,,
BEF.LML.166,146,QEF.166,UNK,,,,,,,,,,,,,,,,,
BEF.LML.168,147,QEF.168,UNK,,,,,,,,,,,,,,,,,
BEF.LML.170,148,QEF.170,UNK,,,,,,,,,,,,,,,,,
BEF.LML.172,149,QEF.172,UNK,,,,,,,,,,,,,,,,,
BEF.LML.173,150,QEF.173,UNK,,,,,,,,,,,,,,,,,
BEF.LML.174,151,QEF.174,UNK,,,,,,,,,,,,,,,,,
BEF.LML.181,152,QEF.181,UNK,,,,,,,,,,,,,,,,,
BEF.LML.184,153,QEF.184,UNK,,,,,,,,,,,,,,,,,
BEF.LML.185,154,QEF.185,UNK,,,,,,,,,,,,,,,,,
BEF.LML.187,155,QEF.187,UNK,,,,,,,,,,,,,,,,,
BEF.LML.188,156,QEF.188,UNK,,,,,,,,,,,,,,,,,
BEF.LML.189,157,QEF.189,UNK,,,,,,,,,,,,,,,,,
BEF.LML.190,158,QEF.190,UNK,,,,,,,,,,,,,,,,,
BEF.LML.191,159,QEF.191,UNK,,,,,,,,,,,,,,,,,
BEF.LML.192,160,QEF.192,UNK,,,,,,,,,,,,,,,,,
BEF.LML.194,161,QEF.194,UNK,,,,,,,,,,,,,,,,,
BEF.LML.196,162,QEF.196,UNK,,,,,,,,,,,,,,,,,
BEF.LML.197,163,QEF.197,UNK,,,,,,,,,,,,,,,,,
BEF.LML.199,164,QEF.199,UNK,,,,,,,,,,,,,,,,,
BEF.LML.200,165,QEF.200,UNK,,,,,,,,,,,,,,,,,
BEF.LML.202,166,QEF.202,UNK,,,,,,,,,,,,,,,,,
BEF.LML.206,167,QEF.206,UNK,,,,,,,,,,,,,,,,,
BEF.LML.207,168,QEF.207,UNK,,,,,,,,,,,,,,,,,
BEF.LML.208,169,QEF.208,UNK,,,,,,,,,,,,,,,,,
BEF.LML.210,170,QEF.210,UNK,,,,,,,,,,,,,,,,,
BEF.LML.212,171,QEF.212,UNK,,,,,,,,,,,,,,,,,
BEF.LML.213,172,QEF.213,UNK,,,,,,,,,,,,,,,,,
BEF.LML.214,173,QEF.214,UNK,,,,,,,,,,,,,,,,,
BEF.LML.216,174,QEF.216,UNK,,,,,,,,,,,,,,,,,
BEF.LML.217,175,QEF.217,UNK,,,,,,,,,,,,,,,,,
BEF.LML.218,176,QEF.218,UNK,,,,,,,,,,,,,,,,,
BEF.LML.224,177,QEF.224,UNK,,,,,,,,,,,,,,,,,
BEF.LML.226,178,QEF.226,UNK,,,,,,,,,,,,,,,,,
BEF.LML.227,179,QEF.227,UNK,,,,,,,,,,,,,,,,,
BEF.LML.228,180,QEF.228,UNK,,,,,,,,,,,,,,,,,
BEF.LML.229,181,QEF.229,UNK,,,,,,,,,,,,,,,,,
BEF.LML.231,182,QEF.231,UNK,,,,,,,,,,,,,,,,,
BEF.LML.232,183,QEF.232,UNK,,,,,,,,,,,,,,,,,
BEF.LML.234,184,QEF.234,UNK,,,,,,,,,,,,,,,,,
BEF.LML.235,185,QEF.235,UNK,,,,,,,,,,,,,,,,,
BEF.LML.236,186,QEF.236,UNK,,,,,,,,,,,,,,,,,
BEF.LML.237,187,QEF.237,UNK,,,,,,,,,,,,,,,,,
BEF.LML.240,188,QEF.240,UNK,,,,,,,,,,,,,,,,,
BEF.LML.241,189,QEF.241,UNK,,,,,,,,,,,,,,,,,
BEF.LML.242,190,QEF.242,UNK,,,,,,,,,,,,,,,,,
BEF.LML.243,191,QEF.243,UNK,,,,,,,,,,,,,,,,,
BEF.LML.244,192,QEF.244,UNK,,,,,,,,,,,,,,,,,
BEF.LML.245,193,QEF.245,UNK,,,,,,,,,,,,,,,,,
BEF.LML.246,194,QEF.246,UNK,,,,,,,,,,,,,,,,,
BEF.LML.248,195,QEF.248,UNK,,,,,,,,,,,,,,,,,
BEF.LML.250,196,QEF.250,UNK,,,,,,,,,,,,,,,,,
BEF.LML.252,197,QEF.252,UNK,,,,,,,,,,,,,,,,,
BEF.LML.253,198,QEF.253,UNK,,,,,,,,,,,,,,,,,
BEF.LML.255,199,QEF.255,UNK,,,,,,,,,,,,,,,,,
BEF.LML.256,200,QEF.256,UNK,,,,,,,,,,,,,,,,,
BEF.LML.257,201,QEF.257,UNK,,,,,,,,,,,,,,,,,
BEF.LML.258,202,QEF.258,UNK,,,,,,,,,,,,,,,,,
BEF.LML.262,203,QEF.262,UNK,,,,,,,,,,,,,,,,,
BEF.LML.263,204,QEF.263,UNK,,,,,,,,,,,,,,,,,
BEF.LML.264,205,QEF.264,UNK,,,,,,,,,,,,,,,,,
BEF.LML.265,206,QEF.265,UNK,,,,,,,,,,,,,,,,,
BEF.LML.266,207,QEF.266,UNK,,,,,,,,,,,,,,,,,
BEF.LML.268,208,QEF.268,UNK,,,,,,,,,,,,,,,,,
BEF.LML.269,209,QEF.269,UNK,,,,,,,,,,,,,,,,,
BEF.LML.270,210,QEF.270,UNK,,,,,,,,,,,,,,,,,
BEF.LML.273,211,QEF.273,UNK,,,,,,,,,,,,,,,,,
BEF.LML.276,212,QEF.276,UNK,,,,,,,,,,,,,,,,,
BEF.LML.277,213,QEF.277,UNK,,,,,,,,,,,,,,,,,
BEF.LML.278,214,QEF.278,UNK,,,,,,,,,,,,,,,,,
BEF.LML.281,215,QEF.281,UNK,,,,,,,,,,,,,,,,,
BEF.LML.282,216,QEF.282,UNK,,,,,,,,,,,,,,,,,
BEF.LML.284,217,QEF.284,UNK,,,,,,,,,,,,,,,,,
BEF.LML.287,218,QEF.287,UNK,,,,,,,,,,,,,,,,,
BEF.LML.288,219,QEF.288,UNK,,,,,,,,,,,,,,,,,
BEF.LML.290,220,QEF.290,UNK,,,,,,,,,,,,,,,,,
BEF.LML.291,221,QEF.291,UNK,,,,,,,,,,,,,,,,,
BEF.LML.293,222,QEF.293,UNK,,,,,,,,,,,,,,,,,
BEF.LML.294,223,QEF.294,UNK,,,,,,,,,,,,,,,,,
BEF.LML.295,224,QEF.295,UNK,,,,,,,,,,,,,,,,,
BEF.LML.299,225,QEF.299,UNK,,,,,,,,,,,,,,,,,
BEF.LML.300,226,QEF.300,UNK,,,,,,,,,,,,,,,,,
BEF.LML.303,227,QEF.303,UNK,,,,,,,,,,,,,,,,,
BEF.LML.304,228,QEF.304,UNK,,,,,,,,,,,,,,,,,
BEF.LML.305,229,QEF.305,UNK,,,,,,,,,,,,,,,,,
BEF.LML.306,230,QEF.306,UNK,,,,,,,,,,,,,,,,,
BEF.LML.308,231,QEF.308,UNK,,,,,,,,,,,,,,,,,
BEF.LML.309,232,QEF.309,UNK,,,,,,,,,,,,,,,,,
BEF.LML.311,233,QEF.311,UNK,,,,,,,,,,,,,,,,,
BEF.LML.312,234,QEF.312,UNK,,,,,,,,,,,,,,,,,
BEF.LML.314,235,QEF.314,UNK,,,,,,,,,,,,,,,,,
BEF.LML.316,236,QEF.316,UNK,,,,,,,,,,,,,,,,,
BEF.LML.317,237,QEF.317,UNK,,,,,,,,,,,,,,,,,
BEF.LML.320,238,QEF.320,UNK,,,,,,,,,,,,,,,,,
BEF.LML.322,239,QEF.322,UNK,,,,,,,,,,,,,,,,,
BEF.LML.323,240,QEF.323,UNK,,,,,,,,,,,,,,,,,
BEF.LML.324,241,QEF.324,UNK,,,,,,,,,,,,,,,,,
BEF.LML.327,242,QEF.327,UNK,,,,,,,,,,,,,,,,,
BEF.LML.328,243,QEF.328,UNK,,,,,,,,,,,,,,,,,
BEF.LML.330,244,QEF.330,UNK,,,,,,,,,,,,,,,,,
BEF.LML.331,245,QEF.331,UNK,,,,,,,,,,,,,,,,,
BEF.LML.332,246,QEF.332,UNK,,,,,,,,,,,,,,,,,
BEF.LML.333,247,QEF.333,UNK,,,,,,,,,,,,,,,,,
BEF.LML.335,248,QEF.335,UNK,,,,,,,,,,,,,,,,,
BEF.LML.336,249,QEF.336,UNK,,,,,,,,,,,,,,,,,
BEF.LML.337,250,QEF.337,UNK,,,,,,,,,,,,,,,,,
BEF.LML.340,251,QEF.340,UNK,,,,,,,,,,,,,,,,,
BEF.LML.341,252,QEF.341,UNK,,,,,,,,,,,,,,,,,
BEF.LML.342,253,QEF.342,UNK,,,,,,,,,,,,,,,,,
BEF.LML.346,254,QEF.346,UNK,,,,,,,,,,,,,,,,,
BEF.LML.349,255,QEF.349,UNK,,,,,,,,,,,,,,,,,
BEF.LML.350,256,QEF.350,UNK,,,,,,,,,,,,,,,,,
BEF.LML.351,257,QEF.351,UNK,,,,,,,,,,,,,,,,,
BEF.LML.352,258,QEF.352,UNK,,,,,,,,,,,,,,,,,
BEF.LML.353,259,QEF.353,UNK,,,,,,,,,,,,,,,,,
BEF.LML.355,260,QEF.355,UNK,,,,,,,,,,,,,,,,,
BEF.LML.356,261,QEF.356,UNK,,,,,,,,,,,,,,,,,
BEF.LML.357,262,QEF.357,UNK,,,,,,,,,,,,,,,,,
BEF.LML.358,263,QEF.358,UNK,,,,,,,,,,,,,,,,,
BEF.LML.359,264,QEF.359,UNK,,,,,,,,,,,,,,,,,
BEF.LML.362,265,QEF.362,UNK,,,,,,,,,,,,,,,,,
BEF.LML.365,266,QEF.365,UNK,,,,,,,,,,,,,,,,,
BEF.LML.NA,NA,NA,NA,NA,,,,,,,,,,,,,,,,
BEF.FBL.001,BEF.FBL.001,LODGE AND GRASSY SHORELINE,RW,,,,180505282,4828042,180505216,4828179,10,,,,,,,,,
BEF.FBL.002,BEF.FBL.002,ROCK PILE MUD FLATS TO STAIRCASE SEEP,S,,,,180505216,4828179,180505333,4828420,,,,,,,,,,
BEF.FBL.003,BEF.FBL.003,STAIRCASE SEEP TO FRED TAYLOR'S BOATHOUSE,S,,,,180505333,4828420,180505520,4828544,,,,,,,,,,
BEF.FBL.004,BEF.FBL.004,FRED TAYLOR'S BOATHOUSE TO BIG RED ROCK,SW,,,,180505520,4828544,180505637,4828620,,,,,,,,,,
BEF.FBL.005,BEF.FBL.005,BIG RED ROCK TO TRIANGLE ROCK NOTCH,SW,,,,180505637,4828620,180505837,4828757,,,,,,,,,,
BEF.FBL.006,BEF.FBL.006,TRIANGLE ROCK NOTCH TO CORNER,RW,,,,180505837,4828757,180506062,4828856,,,,,,,,,,
BEF.FBL.007,BEF.FBL.007,CORNER TO X-DOOR BOATHOUSE,S,,,,180506062,4828856,180505886,4828530,,,,,,,,,,
BEF.FBL.008,BEF.FBL.008,X-DOOR BOATHOUSE TO BALCONY BOATHOUSE,S,,,,180505886,4828530,180505727,4828198,,,,,,,,,,
BEF.FBL.009,BEF.FBL.009,CANACHAGALA BAY,S,,,,180505727,4828198,180505645,4828051,,,,,,,,,,
BEF.FBL.010,BEF.FBL.010,CANACHAGALA BAY TO SINGLE DOOR BOATHOUSE,RW,,,,180505645,4828051,180505462,4827790,,,,,,,,,,
BEF.FBL.011,BEF.FBL.011,SINGLE DOOR BOATHOUSE TO GNARLY MAPLE,SW,,,,180505462,4827790,180505222,4827453,,,,,,,,,,
BEF.FBL.012,BEF.FBL.012,GNARLY MAPLE TO ROUGHCUT BOATHOUSE,SW,,,,180505222,4827453,180505091,4827357,,,,,,,,,,
BEF.FBL.013,BEF.FBL.013,WOODS POINT,S,,,,180505091,4827357,1850504941,4827483,,,,,,,,,,
BEF.FBL.014,BEF.FBL.014,OUTLET BAY,S,,,,180504941,4827483,180504840,4827505,,,,,,,,,,
BEF.FBL.015,BEF.FBL.015,ANNABELLE'S RUN,S,,,,180504840,4827505,180505282,4828042,,,,,,,,,,
BEF.FBL.016,BEF.FBL.016,LODGE,S,,,,,,,,,,,,,,,,,
BEF.FBL.017,BEF.FBL.017,BIG ROCKS,R,,,,,,,,,,,,,,,,,
BEF.FBL.018,BEF.FBL.018,ROSS TO TAYLOR,S,,,,,,,,,,,,,,,,,
BEF.FBL.019,BEF.FBL.019,TAYLOR TO BIG ROCKS,RW,,,,,,,,,,,,,,,,,
BEF.FBL.020,BEF.FBL.020,BIG ROCKS TO SAXON,S,,,,,,,,,,,,,,,,,
BEF.FBL.021,BEF.FBL.021,SAXON TO ROCK CLIFF,RW,,,,,,,,,,,,,,,,,
BEF.FBL.022,BEF.FBL.022,ROCK CLIFF TO ROCK CUT,RW,,,,,,,,,,,,,,,,,
BEF.FBL.023,BEF.FBL.023,ROCK CUT TO FIRST BRUSHPILE,S,,,,,,,,,,,,,,,,,
BEF.FBL.024,BEF.FBL.024,FIRST BRUSHPILE TO SECOND BRUSHPILE,SW,,,,,,,,,,,,,,,,,
BEF.FBL.025,BEF.FBL.025,SECOND BRUSHPILE TO DUPREE,S,,,,,,,,,,,,,,,,,
BEF.FBL.026,BEF.FBL.026,DUPREE TO BOSTWICK,R,,,,,,,,,,,,,,,,,
BEF.FBL.027,BEF.FBL.027,BOSTWICK TO CANACHAGALA LANDING,S,,,,,,,,,,,,,,,,,
BEF.FBL.028,BEF.FBL.028,CANACHAGALA LANDING TO BEFORE TRIB 1,R,,,,,,,,,,,,,,,,,
BEF.FBL.029,BEF.FBL.029,BEFORE TRIB 1  TO BLOWDOWNS,S,,,,,,,,,,,,,,,,,
BEF.FBL.030,BEF.FBL.030,BLOWDOWNS TO TRIB 6,SW,,,,,,,,,,,,,,,,,
BEF.FBL.031,BEF.FBL.031,TRIB 6 TO WOODY COVE,SW,,,,,,,,,,,,,,,,,
BEF.FBL.032,BEF.FBL.032,WOODY COVE,SW,,,,,,,,,,,,,,,,,
BEF.FBL.033,BEF.FBL.033,WOODS POINT,S,,,,,,,,,,,,,,,,,
BEF.FBL.034,BEF.FBL.034,WOOD'S CAMP SHORELINE,SW,,,,,,,,,,,,,,,,,
BEF.FBL.035,BEF.FBL.035,OUTLET BAY,SW,,,,,,,,,,,,,,,,,
BEF.FBL.036,BEF.FBL.036,OUTLET BAY TO TAMARACK BLOWDOWN,S,,,,,,,,,,,,,,,,,
BEF.FBL.037,BEF.FBL.037,TAMARACK BLOWDOWN TO CALL CAMP,S,,,,,,,,,,,,,,,,,
BEF.FBL.038,BEF.FBL.038,CALL TO CAREY,S,,,,,,,,,,,,,,,,,
BEF.FBL.039,BEF.FBL.039,CAREY TO  POINT,S,,,,,,,,,,,,,,,,,
BEF.FBL.040,BEF.FBL.040,BOATHOUSE DOCKS,RD,,,,,,,,,,,,,,,,,
BEF.FBL.041,BEF.FBL.041,ROCKS BY ROSS CAMP,R,,,,,,,,,,,,,,,,,
BEF.FBL.042,BEF.FBL.042,SAXON BOATHOUSE DOCKS,RD,,,,,,,,,,,,,,,,,
BEF.FBL.043,BEF.FBL.043,SISLER BOATHOUSE DOCKS,RW,,,,,,,,,,,,,,,,,
BEF.FBL.044,BEF.FBL.044,SUNKEN CRIB AND DOCK NEAR DUPREE CAMP,RC,,,,,,,,,,,,,,,,,
BEF.FBL.045,BEF.FBL.045,MEEKER BOATHOUSE,UNK,,,,,,,,,,,,,,,,,
BEF.FBL.046,BEF.FBL.046,WOODS CAMP BOAHOUSE DOCKS,RD,,,,,,,,,,,,,,,,,
BEF.FBL.047,BEF.FBL.047,HARRISON BOATHOUSE DOCKS,RC,,,,,,,,,,,,,,,,,
BEF.FBL.048,BEF.FBL.048,HALSEY BOATHOUSE DOCK AND SUNKEN DOCK,RD,,,,,,,,,,,,,,,,,
BEF.FBL.049,BEF.FBL.049,SLINGLUFF BOATHOUSE,RD,,,,,,,,,,,,,,,,,
BEF.FBL.101,BEF.FBL.101,QEF.101,#N/A,,,,,,,,,,,,,,,,,
BEF.FBL.102,BEF.FBL.102,QEF.102,S,,,,,,,,,,,,,,,,,
BEF.FBL.103,BEF.FBL.103,QEF.103,#N/A,,,,,,,,,,,,,,,,,
BEF.FBL.104,BEF.FBL.104,QEF.104,#N/A,,,,,,,,,,,,,,,,,
BEF.FBL.105,BEF.FBL.105,QEF.105,#N/A,,,,,,,,,,,,,,,,,
BEF.FBL.106,BEF.FBL.106,QEF.106,S,,,,,,,,,,,,,,,,,
BEF.FBL.107,BEF.FBL.107,QEF.107,#N/A,,,,,,,,,,,,,,,,,
BEF.FBL.108,BEF.FBL.108,QEF.108,#N/A,,,,,,,,,,,,,,,,,
BEF.FBL.109,BEF.FBL.109,QEF.109,S,,,,,,,,,,,,,,,,,
BEF.FBL.110,BEF.FBL.110,QEF.110,#N/A,,,,,,,,,,,,,,,,,
BEF.FBL.111,BEF.FBL.111,QEF.111,#N/A,,,,,,,,,,,,,,,,,
BEF.FBL.112,BEF.FBL.112,QEF.112,#N/A,,,,,,,,,,,,,,,,,
BEF.FBL.113,BEF.FBL.113,QEF.113,#N/A,,,,,,,,,,,,,,,,,
BEF.FBL.114,BEF.FBL.114,QEF.114,#N/A,,,,,,,,,,,,,,,,,
BEF.FBL.115,BEF.FBL.115,QEF.115,#N/A,,,,,,,,,,,,,,,,,
BEF.FBL.116,BEF.FBL.116,QEF.116,#N/A,,,,,,,,,,,,,,,,,
BEF.FBL.117,BEF.FBL.117,QEF.117,#N/A,,,,,,,,,,,,,,,,,
BEF.FBL.118,BEF.FBL.118,QEF.118,RW,,,,,,,,,,,,,,,,,
BEF.FBL.119,BEF.FBL.119,QEF.119,#N/A,,,,,,,,,,,,,,,,,
BEF.FBL.120,BEF.FBL.120,QEF.120,#N/A,,,,,,,,,,,,,,,,,
BEF.FBL.121,BEF.FBL.121,QEF.121,S,,,,,,,,,,,,,,,,,
BEF.FBL.122,BEF.FBL.122,QEF.122,SW,,,,,,,,,,,,,,,,,
BEF.FBL.123,BEF.FBL.123,QEF.123,#N/A,,,,,,,,,,,,,,,,,
BEF.FBL.124,BEF.FBL.124,QEF.124,#N/A,,,,,,,,,,,,,,,,,
BEF.FBL.125,BEF.FBL.125,QEF.125,#N/A,,,,,,,,,,,,,,,,,
BEF.FBL.126,BEF.FBL.126,QEF.126,#N/A,,,,,,,,,,,,,,,,,
BEF.FBL.127,BEF.FBL.127,QEF.127,#N/A,,,,,,,,,,,,,,,,,
BEF.FBL.128,BEF.FBL.128,QEF.128,#N/A,,,,,,,,,,,,,,,,,
BEF.FBL.129,BEF.FBL.129,QEF.129,#N/A,,,,,,,,,,,,,,,,,
BEF.FBL.130,BEF.FBL.130,QEF.130,SD,,,,,,,,,,,,,,,,,
BEF.FBL.131,BEF.FBL.131,QEF.131,#N/A,,,,,,,,,,,,,,,,,
BEF.FBL.132,BEF.FBL.132,QEF.132,SD,,,,,,,,,,,,,,,,,
BEF.FBL.133,BEF.FBL.133,QEF.133,#N/A,,,,,,,,,,,,,,,,,
BEF.FBL.134,BEF.FBL.134,QEF.134,#N/A,,,,,,,,,,,,,,,,,
BEF.FBL.135,BEF.FBL.135,QEF.135,SW,,,,,,,,,,,,,,,,,
BEF.FBL.136,BEF.FBL.136,QEF.136,#N/A,,,,,,,,,,,,,,,,,
BEF.FBL.137,BEF.FBL.137,QEF.137,RW,,,,,,,,,,,,,,,,,
BEF.FBL.138,BEF.FBL.138,QEF.138,#N/A,,,,,,,,,,,,,,,,,
BEF.FBL.139,BEF.FBL.139,QEF.139,#N/A,,,,,,,,,,,,,,,,,
BEF.FBL.140,BEF.FBL.140,QEF.140,#N/A,,,,,,,,,,,,,,,,,
BEF.FBL.141,BEF.FBL.141,QEF.141,#N/A,,,,,,,,,,,,,,,,,
BEF.FBL.142,BEF.FBL.142,QEF.142,S,,,,,,,,,,,,,,,,,
BEF.FBL.143,BEF.FBL.143,QEF.143,#N/A,,,,,,,,,,,,,,,,,
BEF.FBL.144,BEF.FBL.144,QEF.144,#N/A,,,,,,,,,,,,,,,,,
BEF.FBL.145,BEF.FBL.145,QEF.145,SD,,,,,,,,,,,,,,,,,
BEF.FBL.146,BEF.FBL.146,QEF.146,S,,,,,,,,,,,,,,,,,
BEF.FBL.147,BEF.FBL.147,QEF.147,#N/A,,,,,,,,,,,,,,,,,
BEF.FBL.148,BEF.FBL.148,QEF.148,#N/A,,,,,,,,,,,,,,,,,
BEF.FBL.149,BEF.FBL.149,QEF.149,#N/A,,,,,,,,,,,,,,,,,
BEF.FBL.150,BEF.FBL.150,QEF.150,#N/A,,,,,,,,,,,,,,,,,
BEF.FBL.151,BEF.FBL.151,QEF.151,#N/A,,,,,,,,,,,,,,,,,
BEF.FBL.152,BEF.FBL.152,QEF.152,#N/A,,,,,,,,,,,,,,,,,
BEF.FBL.153,BEF.FBL.153,QEF.153,#N/A,,,,,,,,,,,,,,,,,
BEF.FBL.154,BEF.FBL.154,QEF.154,#N/A,,,,,,,,,,,,,,,,,
BEF.FBL.155,BEF.FBL.155,QEF.155,S,,,,,,,,,,,,,,,,,
BEF.FBL.156,BEF.FBL.156,QEF.156,#N/A,,,,,,,,,,,,,,,,,
BEF.FBL.157,BEF.FBL.157,QEF.157,#N/A,,,,,,,,,,,,,,,,,
BEF.FBL.158,BEF.FBL.158,QEF.158,S,,,,,,,,,,,,,,,,,
BEF.FBL.159,BEF.FBL.159,QEF.159,#N/A,,,,,,,,,,,,,,,,,
BEF.FBL.160,BEF.FBL.160,QEF.160,SW,,,,,,,,,,,,,,,,,
BEF.FBL.161,BEF.FBL.161,QEF.161,#N/A,,,,,,,,,,,,,,,,,
BEF.FBL.162,BEF.FBL.162,QEF.162,#N/A,,,,,,,,,,,,,,,,,
BEF.FBL.163,BEF.FBL.163,QEF.163,#N/A,,,,,,,,,,,,,,,,,
BEF.FBL.164,BEF.FBL.164,QEF.164,#N/A,,,,,,,,,,,,,,,,,
BEF.FBL.165,BEF.FBL.165,QEF.165,SW,,,,,,,,,,,,,,,,,
BEF.FBL.166,BEF.FBL.166,QEF.166,SW,,,,,,,,,,,,,,,,,
BEF.FBL.167,BEF.FBL.167,QEF.167,#N/A,,,,,,,,,,,,,,,,,
BEF.FBL.168,BEF.FBL.168,QEF.168,#N/A,,,,,,,,,,,,,,,,,
BEF.FBL.169,BEF.FBL.169,QEF.169,SW,,,,,,,,,,,,,,,,,
BEF.FBL.170,BEF.FBL.170,QEF.170,#N/A,,,,,,,,,,,,,,,,,
BEF.FBL.171,BEF.FBL.171,QEF.171,#N/A,,,,,,,,,,,,,,,,,
BEF.FBL.172,BEF.FBL.172,QEF.172,#N/A,,,,,,,,,,,,,,,,,
BEF.FBL.173,BEF.FBL.173,QEF.173,#N/A,,,,,,,,,,,,,,,,,
BEF.FBL.174,BEF.FBL.174,QEF.174,SD,,,,,,,,,,,,,,,,,
BEF.FBL.175,BEF.FBL.175,QEF.175,#N/A,,,,,,,,,,,,,,,,,
BEF.FBL.176,BEF.FBL.176,QEF.176,#N/A,,,,,,,,,,,,,,,,,
BEF.FBL.177,BEF.FBL.177,QEF.177,#N/A,,,,,,,,,,,,,,,,,
BEF.FBL.178,BEF.FBL.178,QEF.178,#N/A,,,,,,,,,,,,,,,,,
BEF.FBL.179,BEF.FBL.179,QEF.179,#N/A,,,,,,,,,,,,,,,,,
BEF.FBL.180,BEF.FBL.180,QEF.180,S,,,,,,,,,,,,,,,,,
BEF.FBL.181,BEF.FBL.181,QEF.181,#N/A,,,,,,,,,,,,,,,,,
BEF.FBL.182,BEF.FBL.182,QEF.182,#N/A,,,,,,,,,,,,,,,,,
BEF.FBL.183,BEF.FBL.183,QEF.183,#N/A,,,,,,,,,,,,,,,,,
BEF.FBL.184,BEF.FBL.184,QEF.184,#N/A,,,,,,,,,,,,,,,,,
BEF.FBL.185,BEF.FBL.185,QEF.185,#N/A,,,,,,,,,,,,,,,,,
BEF.FBL.186,BEF.FBL.186,QEF.186,#N/A,,,,,,,,,,,,,,,,,
BEF.FBL.187,BEF.FBL.187,QEF.187,#N/A,,,,,,,,,,,,,,,,,
BEF.FBL.188,BEF.FBL.188,QEF.188,#N/A,,,,,,,,,,,,,,,,,
BEF.FBL.189,BEF.FBL.189,QEF.189,#N/A,,,,,,,,,,,,,,,,,
BEF.FBL.190,BEF.FBL.190,QEF.190,#N/A,,,,,,,,,,,,,,,,,
BEF.FBL.191,BEF.FBL.191,QEF.191,S,,,,,,,,,,,,,,,,,
BEF.FBL.192,BEF.FBL.192,QEF.192,#N/A,,,,,,,,,,,,,,,,,
BEF.FBL.193,BEF.FBL.193,QEF.193,SV,,,,,,,,,,,,,,,,,
BEF.FBL.194,BEF.FBL.194,QEF.194,#N/A,,,,,,,,,,,,,,,,,
BEF.FBL.195,BEF.FBL.195,QEF.195,#N/A,,,,,,,,,,,,,,,,,
BEF.FBL.196,BEF.FBL.196,QEF.196,#N/A,,,,,,,,,,,,,,,,,
BEF.FBL.197,BEF.FBL.197,QEF.197,S,,,,,,,,,,,,,,,,,
BEF.FBL.198,BEF.FBL.198,QEF.198,#N/A,,,,,,,,,,,,,,,,,
BEF.FBL.199,BEF.FBL.199,QEF.199,#N/A,,,,,,,,,,,,,,,,,
BEF.FBL.200,BEF.FBL.200,QEF.200,S,,,,,,,,,,,,,,,,,
BEF.FBL.201,BEF.FBL.201,QEF.201,#N/A,,,,,,,,,,,,,,,,,
BEF.FBL.202,BEF.FBL.202,QEF.202,#N/A,,,,,,,,,,,,,,,,,
BEF.FBL.203,BEF.FBL.203,QEF.203,SV,,,,,,,,,,,,,,,,,
BEF.FBL.204,BEF.FBL.204,QEF.204,#N/A,,,,,,,,,,,,,,,,,
BEF.FBL.205,BEF.FBL.205,QEF.205,#N/A,,,,,,,,,,,,,,,,,
BEF.FBL.206,BEF.FBL.206,QEF.206,#N/A,,,,,,,,,,,,,,,,,
BEF.FBL.207,BEF.FBL.207,QEF.207,#N/A,,,,,,,,,,,,,,,,,
BEF.FBL.208,BEF.FBL.208,QEF.208,#N/A,,,,,,,,,,,,,,,,,
BEF.FBL.209,BEF.FBL.209,QEF.209,#N/A,,,,,,,,,,,,,,,,,
BEF.FBL.210,BEF.FBL.210,QEF.210,#N/A,,,,,,,,,,,,,,,,,
BEF.FBL.211,BEF.FBL.211,QEF.211,SV,,,,,,,,,,,,,,,,,
BEF.FBL.212,BEF.FBL.212,QEF.212,#N/A,,,,,,,,,,,,,,,,,
BEF.FBL.213,BEF.FBL.213,QEF.213,#N/A,,,,,,,,,,,,,,,,,
BEF.FBL.214,BEF.FBL.214,QEF.214,#N/A,,,,,,,,,,,,,,,,,
BEF.FBL.215,BEF.FBL.215,QEF.215,S,,,,,,,,,,,,,,,,,
BEF.FBL.216,BEF.FBL.216,QEF.216,SR,,,,,,,,,,,,,,,,,
BEF.FBL.217,BEF.FBL.217,QEF.217,#N/A,,,,,,,,,,,,,,,,,
BEF.FBL.218,BEF.FBL.218,QEF.218,#N/A,,,,,,,,,,,,,,,,,
BEF.FBL.219,BEF.FBL.219,QEF.219,S,,,,,,,,,,,,,,,,,
BEF.FBL.220,BEF.FBL.220,QEF.220,#N/A,,,,,,,,,,,,,,,,,
BEF.HAL.001,,NAF,SW,,,,510457,4820343,,,,,,,,,,,,
BEF.HAL.002,,NAF,S,,,,510504,4820325,,,,,,,,,,,,
BEF.HAL.003,,NAF,R,,,,510579,4820292,,,,,,,,,,,,
BEF.HAL.004,,NAF,SW,,,,510628,4820311,,,,,,,,,,,,
BEF.HAL.005,,NAF,RW,,,,510825,4820229,,,,,,,,,,,,
BEF.HAL.006,,NAF,SW,,,,511417,4819976,,,,,,,,,,,,
BEF.HAL.007,,NAF,RW,,,,511901,4819829,,,,,,,,,,,,
BEF.HAL.008,,NAF,R,,,,512179,4819821,,,,,,,,,,,,
BEF.HAL.009,,NAF,RW,,,,512196,4819839,,,,,,,,,,,,
BEF.HAL.010,,NAF,R,,,,512715,4819712,,,,,,,,,,,,
BEF.HAL.011,,NAF,SW,,,,512730,4819734,,,,,,,,,,,,
BEF.HAL.012,,NAF,RW,,,,512908,4819702,,,,,,,,,,,,
BEF.HAL.013,,NAF,R,,,,513327,4819658,,,,,,,,,,,,
BEF.HAL.014,,NAF,S,,,,513853,4819627,,,,,,,,,,,,
BEF.HAL.015,,NAF,RW,,,,514194,4819562,,,,,,,,,,,,
BEF.HAL.016,,NAF,R,,,,514464,4819534,,,,,,,,,,,,
BEF.HAL.017,,NAF,RW,,,,514868,4819502,,,,,,,,,,,,
BEF.HAL.018,,NAF,R,,,,515267,4819354,,,,,,,,,,,,
BEF.HAL.019,,NAF,RW,,,,515299,4819084,,,,,,,,,,,,
BEF.HAL.020,BEF.HAL.002,NAF,R,,,,515374,4818564,,,,,,,,,,,,
BEF.HAL.021,BEF.HAL.001,NAF,RW,,,,515552,4818456,,,,,,,,,,,,
BEF.HAL.022,BEF.HAL.003,NAF,S,,,,515741,4818666,,,,,,,,,,,,
BEF.HAL.023,,NAF,S,,,,516037,4818174,,,,,,,,,,,,
BEF.HAL.024,,NAF,S,,,,516059,4817680,,,,,,,,,,,,
BEF.HAL.025,,NAF,S,,,,515602,4817338,,,,,,,,,,,,
BEF.HAL.026,,NAF,SW,,,,515252,4817150,,,,,,,,,,,,
BEF.HAL.027,,NAF,S,,,,514956,4816872,,,,,,,,,,,,
BEF.HAL.028,,NAF,R,,,,514885,4816989,,,,,,,,,,,,
BEF.HAL.029,,NAF,S,,,,514981,4817131,,,,,,,,,,,,
BEF.HAL.030,,NAF,RW,,,,514969,4817345,,,,,,,,,,,,
BEF.HAL.031,,NAF,S,,,,514986,4817467,,,,,,,,,,,,
BEF.HAL.032,,NAF,SW,,,,515119,4818089,,,,,,,,,,,,
BEF.HAL.033,,NAF,SW,,,,514978,4818528,,,,,,,,,,,,
BEF.HAL.034,,NAF,RW,,,,514331,4819019,,,,,,,,,,,,
BEF.HAL.035,,NAF,RW,,,,513961,4819214,,,,,,,,,,,,
BEF.HAL.036,,NAF,RW,,,,513582,4819271,,,,,,,,,,,,
BEF.HAL.037,,NAF,RW,,,,513119,4819421,,,,,,,,,,,,
BEF.HAL.038,,NAF,RW,,,,512566,4819495,,,,,,,,,,,,
BEF.HAL.039,,NAF,RW,,,,512222,4819542,,,,,,,,,,,,
BEF.HAL.040,,NAF,SW,,,,511904,4819605,,,,,,,,,,,,
BEF.HAL.041,,NAF,RW,,,,511764,4819633,,,,,,,,,,,,
BEF.HAL.042,,NAF,RW,,,,511520,4819681,,,,,,,,,,,,
BEF.HAL.043,,NAF,SW,,,,511215,4819834,,,,,,,,,,,,
BEF.HAL.044,,NAF,SW,,,,510767,4820009,,,,,,,,,,,,
,,,,,,,,,,,,,,,,,,,,
,,,,,,,,,,,,,,,,,,,,
,,,,,,,,,,,,,,,,,,,,
,,,,,,,,,,,,,,,,,,,,
,,,,,,,,,,,,,,,,,,,,
,,,,,,,,,,,,,,,,,,,,
,,,,,,,,,,,,,,,,,,,,
,,,,,,,,,,,,,,,,,,,,
,,,,,,,,,,,,,,,,,,,,
,,,,,,,,,,,,,,,,,,,,
,,,,,,,,,,,,,,,,,,,,
,,,,,,,,,,,,,,,,,,,,
,,,,,,,,,,,,,,,,,,,,
,,,,,,,,,,,,,,,,,,,,
,,,,,,,,,,,,,,,,,,,,
,,,,,,,,,,,,,,,,,,,,
,,,,,,,,,,,,,,,,,,,,
,,,,,,,,,,,,,,,,,,,,
,,,,,,,,,,,,,,,,,,,,
,,,,,,,,,,,,,,,,,,,,
,,,,,,,,,,,,,,,,,,,,
,,,,,,,,,,,,,,,,,,,,
,,,,,,,,,,,,,,,,,,,,
,,,,,,,,,,,,,,,,,,,,
,,,,,,,,,,,,,,,,,,,,
,,,,,,,,,,,,,,,,,,,,
,,,,,,,,,,,,,,,,,,,,
,,,,,,,,,,,,,,,,,,,,
,,,,,,,,,,,,,,,,,,,,
,,,,,,,,,,,,,,,,,,,,
,,,,,,,,,,,,,,,,,,,,
,,,,,,,,,,,,,,,,,,,,
,,,,,,,,,,,,,,,,,,,,
,,,,,,,,,,,,,,,,,,,,
,,,,,,,,,,,,,,,,,,,,
,,,,,,,,,,,,,,,,,,,,
,,,,,,,,,,,,,,,,,,,,
,,,,,,,,,,,,,,,,,,,,
,,,,,,,,,,,,,,,,,,,,
,,,,,,,,,,,,,,,,,,,,
,,,,,,,,,,,,,,,,,,,,
,,,,,,,,,,,,,,,,,,,,
,,,,,,,,,,,,,,,,,,,,
,,,,,,,,,,,,,,,,,,,,
,,,,,,,,,,,,,,,,,,,,
,,,,,,,,,,,,,,,,,,,,
,,,,,,,,,,,,,,,,,,,,
,,,,,,,,,,,,,,,,,,,,
,,,,,,,,,,,,,,,,,,,,
,,,,,,,,,,,,,,,,,,,,
,,,,,,,,,,,,,,,,,,,,
,,,,,,,,,,,,,,,,,,,,
,,,,,,,,,,,,,,,,,,,,
,,,,,,,,,,,,,,,,,,,,
,,,,,,,,,,,,,,,,,,,,
,,,,,,,,,,,,,,,,,,,,
,,,,,,,,,,,,,,,,,,,,
,,,,,,,,,,,,,,,,,,,,
,,,,,,,,,,,,,,,,,,,,
,,,,,,,,,,,,,,,,,,,,
,,,,,,,,,,,,,,,,,,,,
,,,,,,,,,,,,,,,,,,,,
,,,,,,,,,,,,,,,,,,,,
,,,,,,,,,,,,,,,,,,,,
,,,,,,,,,,,,,,,,,,,,
,,,,,,,,,,,,,,,,,,,,
,,,,,,,,,,,,,,,,,,,,
,,,,,,,,,,,,,,,,,,,,
,,,,,,,,,,,,,,,,,,,,
,,,,,,,,,,,,,,,,,,,,
,,,,,,,,,,,,,,,,,,,,
,,,,,,,,,,,,,,,,,,,,
,,,,,,,,,,,,,,,,,,,,
,,,,,,,,,,,,,,,,,,,,
,,,,,,,,,,,,,,,,,,,,
,,,,,,,,,,,,,,,,,,,,
,,,,,,,,,,,,,,,,,,,,
,,,,,,,,,,,,,,,,,,,,
,,,,,,,,,,,,,,,,,,,,
,,,,,,,,,,,,,,,,,,,,
,,,,,,,,,,,,,,,,,,,,
,,,,,,,,,,,,,,,,,,,,
,,,,,,,,,,,,,,,,,,,,
,,,,,,,,,,,,,,,,,,,,
,,,,,,,,,,,,,,,,,,,,
,,,,,,,,,,,,,,,,,,,,
,,,,,,,,,,,,,,,,,,,,
,,,,,,,,,,,,,,,,,,,,
,,,,,,,,,,,,,,,,,,,,
,,,,,,,,,,,,,,,,,,,,
,,,,,,,,,,,,,,,,,,,,
,,,,,,,,,,,,,,,,,,,,
,,,,,,,,,,,,,,,,,,,,
,,,,,,,,,,,,,,,,,,,,
,,,,,,,,,,,,,,,,,,,,
,,,,,,,,,,,,,,,,,,,,
,,,,,,,,,,,,,,,,,,,,
,,,,,,,,,,,,,,,,,,,,
,,,,,,,,,,,,,,,,,,,,
,,,,,,,,,,,,,,,,,,,,
,,,,,,,,,,,,,,,,,,,,
,,,,,,,,,,,,,,,,,,,,
,,,,,,,,,,,,,,,,,,,,
,,,,,,,,,,,,,,,,,,,,
,,,,,,,,,,,,,,,,,,,,
,,,,,,,,,,,,,,,,,,,,
,,,,,,,,,,,,,,,,,,,,
,,,,,,,,,,,,,,,,,,,,
,,,,,,,,,,,,,,,,,,,,
,,,,,,,,,,,,,,,,,,,,
,,,,,,,,,,,,,,,,,,,,
,,,,,,,,,,,,,,,,,,,,
,,,,,,,,,,,,,,,,,,,,
,,,,,,,,,,,,,,,,,,,,
,,,,,,,,,,,,,,,,,,,,
,,,,,,,,,,,,,,,,,,,,
,,,,,,,,,,,,,,,,,,,,
,,,,,,,,,,,,,,,,,,,,
,,,,,,,,,,,,,,,,,,,,
,,,,,,,,,,,,,,,,,,,,
,,,,,,,,,,,,,,,,,,,,
,,,,,,,,,,,,,,,,,,,,
,,,,,,,,,,,,,,,,,,,,
,,,,,,,,,,,,,,,,,,,,
,,,,,,,,,,,,,,,,,,,,
,,,,,,,,,,,,,,,,,,,,
,,,,,,,,,,,,,,,,,,,,
,,,,,,,,,,,,,,,,,,,,
,,,,,,,,,,,,,,,,,,,,
,,,,,,,,,,,,,,,,,,,,
,,,,,,,,,,,,,,,,,,,,
,,,,,,,,,,,,,,,,,,,,
,,,,,,,,,,,,,,,,,,,,
,,,,,,,,,,,,,,,,,,,,
,,,,,,,,,,,,,,,,,,,,
,,,,,,,,,,,,,,,,,,,,
,,,,,,,,,,,,,,,,,,,,
,,,,,,,,,,,,,,,,,,,,
,,,,,,,,,,,,,,,,,,,,
,,,,,,,,,,,,,,,,,,,,
,,,,,,,,,,,,,,,,,,,,
,,,,,,,,,,,,,,,,,,,,
,,,,,,,,,,,,,,,,,,,,
,,,,,,,,,,,,,,,,,,,,
,,,,,,,,,,,,,,,,,,,,
,,,,,,,,,,,,,,,,,,,,
,,,,,,,,,,,,,,,,,,,,
,,,,,,,,,,,,,,,,,,,,
,,,,,,,,,,,,,,,,,,,,
,,,,,,,,,,,,,,,,,,,,
,,,,,,,,,,,,,,,,,,,,
,,,,,,,,,,,,,,,,,,,,
,,,,,,,,,,,,,,,,,,,,
,,,,,,,,,,,,,,,,,,,,
,,,,,,,,,,,,,,,,,,,,
,,,,,,,,,,,,,,,,,,,,
,,,,,,,,,,,,,,,,,,,,
,,,,,,,,,,,,,,,,,,,,
,,,,,,,,,,,,,,,,,,,,
,,,,,,,,,,,,,,,,,,,,
,,,,,,,,,,,,,,,,,,,,
,,,,,,,,,,,,,,,,,,,,
,,,,,,,,,,,,,,,,,,,,
,,,,,,,,,,,,,,,,,,,,
,,,,,,,,,,,,,,,,,,,,
,,,,,,,,,,,,,,,,,,,,
,,,,,,,,,,,,,,,,,,,,
,,,,,,,,,,,,,,,,,,,,
,,,,,,,,,,,,,,,,,,,,
,,,,,,,,,,,,,,,,,,,,
,,,,,,,,,,,,,,,,,,,,
,,,,,,,,,,,,,,,,,,,,
,,,,,,,,,,,,,,,,,,,,
,,,,,,,,,,,,,,,,,,,,
,,,,,,,,,,,,,,,,,,,,
,,,,,,,,,,,,,,,,,,,,
,,,,,,,,,,,,,,,,,,,,
,,,,,,,,,,,,,,,,,,,,
,,,,,,,,,,,,,,,,,,,,
,,,,,,,,,,,,,,,,,,,,
,,,,,,,,,,,,,,,,,,,,
,,,,,,,,,,,,,,,,,,,,
,,,,,,,,,,,,,,,,,,,,
,,,,,,,,,,,,,,,,,,,,
,,,,,,,,,,,,,,,,,,,,
,,,,,,,,,,,,,,,,,,,,
,,,,,,,,,,,,,,,,,,,,
,,,,,,,,,,,,,,,,,,,,
,,,,,,,,,,,,,,,,,,,,
,,,,,,,,,,,,,,,,,,,,
,,,,,,,,,,,,,,,,,,,,
,,,,,,,,,,,,,,,,,,,,
,,,,,,,,,,,,,,,,,,,,
,,,,,,,,,,,,,,,,,,,,
,,,,,,,,,,,,,,,,,,,,
,,,,,,,,,,,,,,,,,,,,
,,,,,,,,,,,,,,,,,,,,
,,,,,,,,,,,,,,,,,,,,
,,,,,,,,,,,,,,,,,,,,
,,,,,,,,,,,,,,,,,,,,
,,,,,,,,,,,,,,,,,,,,
,,,,,,,,,,,,,,,,,,,,
,,,,,,,,,,,,,,,,,,,,
,,,,,,,,,,,,,,,,,,,,
,,,,,,,,,,,,,,,,,,,,
,,,,,,,,,,,,,,,,,,,,
,,,,,,,,,,,,,,,,,,,,
,,,,,,,,,,,,,,,,,,,,
,,,,,,,,,,,,,,,,,,,,
,,,,,,,,,,,,,,,,,,,,
,,,,,,,,,,,,,,,,,,,,
,,,,,,,,,,,,,,,,,,,,
,,,,,,,,,,,,,,,,,,,,
,,,,,,,,,,,,,,,,,,,,
,,,,,,,,,,,,,,,,,,,,
,,,,,,,,,,,,,,,,,,,,
,,,,,,,,,,,,,,,,,,,,
,,,,,,,,,,,,,,,,,,,,
,,,,,,,,,,,,,,,,,,,,
,,,,,,,,,,,,,,,,,,,,
,,,,,,,,,,,,,,,,,,,,
,,,,,,,,,,,,,,,,,,,,
,,,,,,,,,,,,,,,,,,,,
,,,,,,,,,,,,,,,,,,,,
,,,,,,,,,,,,,,,,,,,,
,,,,,,,,,,,,,,,,,,,,
,,,,,,,,,,,,,,,,,,,,
,,,,,,,,,,,,,,,,,,,,
,,,,,,,,,,,,,,,,,,,,
,,,,,,,,,,,,,,,,,,,,
,,,,,,,,,,,,,,,,,,,,
,,,,,,,,,,,,,,,,,,,,
,,,,,,,,,,,,,,,,,,,,
,,,,,,,,,,,,,,,,,,,,
,,,,,,,,,,,,,,,,,,,,
,,,,,,,,,,,,,,,,,,,,
,,,,,,,,,,,,,,,,,,,,
,,,,,,,,,,,,,,,,,,,,
,,,,,,,,,,,,,,,,,,,,
,,,,,,,,,,,,,,,,,,,,
,,,,,,,,,,,,,,,,,,,,
,,,,,,,,,,,,,,,,,,,,
,,,,,,,,,,,,,,,,,,,,
,,,,,,,,,,,,,,,,,,,,
,,,,,,,,,,,,,,,,,,,,
,,,,,,,,,,,,,,,,,,,,
,,,,,,,,,,,,,,,,,,,,
,,,,,,,,,,,,,,,,,,,,
,,,,,,,,,,,,,,,,,,,,
,,,,,,,,,,,,,,,,,,,,
,,,,,,,,,,,,,,,,,,,,
,,,,,,,,,,,,,,,,,,,,
,,,,,,,,,,,,,,,,,,,,
,,,,,,,,,,,,,,,,,,,,
,,,,,,,,,,,,,,,,,,,,
,,,,,,,,,,,,,,,,,,,,
,,,,,,,,,,,,,,,,,,,,
,,,,,,,,,,,,,,,,,,,,
,,,,,,,,,,,,,,,,,,,,
,,,,,,,,,,,,,,,,,,,,
,,,,,,,,,,,,,,,,,,,,
,,,,,,,,,,,,,,,,,,,,
,,,,,,,,,,,,,,,,,,,,
,,,,,,,,,,,,,,,,,,,,
,,,,,,,,,,,,,,,,,,,,
,,,,,,,,,,,,,,,,,,,,
,,,,,,,,,,,,,,,,,,,,
,,,,,,,,,,,,,,,,,,,,
,,,,,,,,,,,,,,,,,,,,
,,,,,,,,,,,,,,,,,,,,
,,,,,,,,,,,,,,,,,,,,
,,,,,,,,,,,,,,,,,,,,
,,,,,,,,,,,,,,,,,,,,
,,,,,,,,,,,,,,,,,,,,
,,,,,,,,,,,,,,,,,,,,
,,,,,,,,,,,,,,,,,,,,
,,,,,,,,,,,,,,,,,,,,
,,,,,,,,,,,,,,,,,,,,
,,,,,,,,,,,,,,,,,,,,
,,,,,,,,,,,,,,,,,,,,
,,,,,,,,,,,,,,,,,,,,
,,,,,,,,,,,,,,,,,,,,
,,,,,,,,,,,,,,,,,,,,
,,,,,,,,,,,,,,,,,,,,
,,,,,,,,,,,,,,,,,,,,
,,,,,,,,,,,,,,,,,,,,
,,,,,,,,,,,,,,,,,,,,
,,,,,,,,,,,,,,,,,,,,
,,,,,,,,,,,,,,,,,,,,
,,,,,,,,,,,,,,,,,,,,
,,,,,,,,,,,,,,,,,,,,
,,,,,,,,,,,,,,,,,,,,
,,,,,,,,,,,,,,,,,,,,
,,,,,,,,,,,,,,,,,,,,
,,,,,,,,,,,,,,,,,,,,
,,,,,,,,,,,,,,,,,,,,
,,,,,,,,,,,,,,,,,,,,
,,,,,,,,,,,,,,,,,,,,
,,,,,,,,,,,,,,,,,,,,
,,,,,,,,,,,,,,,,,,,,
,,,,,,,,,,,,,,,,,,,,
,,,,,,,,,,,,,,,,,,,,
,,,,,,,,,,,,,,,,,,,,
,,,,,,,,,,,,,,,,,,,,
,,,,,,,,,,,,,,,,,,,,
,,,,,,,,,,,,,,,,,,,,
,,,,,,,,,,,,,,,,,,,,
,,,,,,,,,,,,,,,,,,,,
,,,,,,,,,,,,,,,,,,,,
,,,,,,,,,,,,,,,,,,,,
,,,,,,,,,,,,,,,,,,,,
,,,,,,,,,,,,,,,,,,,,
,,,,,,,,,,,,,,,,,,,,
,,,,,,,,,,,,,,,,,,,,
,,,,,,,,,,,,,,,,,,,,
,,,,,,,,,,,,,,,,,,,,
,,,,,,,,,,,,,,,,,,,,
,,,,,,,,,,,,,,,,,,,,
,,,,,,,,,,,,,,,,,,,,
,,,,,,,,,,,,,,,,,,,,
,,,,,,,,,,,,,,,,,,,,
,,,,,,,,,,,,,,,,,,,,
,,,,,,,,,,,,,,,,,,,,
,,,,,,,,,,,,,,,,,,,,
,,,,,,,,,,,,,,,,,,,,
,,,,,,,,,,,,,,,,,,,,
,,,,,,,,,,,,,,,,,,,,
,,,,,,,,,,,,,,,,,,,,
,,,,,,,,,,,,,,,,,,,,
,,,,,,,,,,,,,,,,,,,,
,,,,,,,,,,,,,,,,,,,,
,,,,,,,,,,,,,,,,,,,,
,,,,,,,,,,,,,,,,,,,,
,,,,,,,,,,,,,,,,,,,,
,,,,,,,,,,,,,,,,,,,,
,,,,,,,,,,,,,,,,,,,,
,,,,,,,,,,,,,,,,,,,,
,,,,,,,,,,,,,,,,,,,,
,,,,,,,,,,,,,,,,,,,,
,,,,,,,,,,,,,,,,,,,,
,,,,,,,,,,,,,,,,,,,,
,,,,,,,,,,,,,,,,,,,,
,,,,,,,,,,,,,,,,,,,,
,,,,,,,,,,,,,,,,,,,,
,,,,,,,,,,,,,,,,,,,,
,,,,,,,,,,,,,,,,,,,,
,,,,,,,,,,,,,,,,,,,,
,,,,,,,,,,,,,,,,,,,,
,,,,,,,,,,,,,,,,,,,,
,,,,,,,,,,,,,,,,,,,,
,,,,,,,,,,,,,,,,,,,,
,,,,,,,,,,,,,,,,,,,,
,,,,,,,,,,,,,,,,,,,,
,,,,,,,,,,,,,,,,,,,,
,,,,,,,,,,,,,,,,,,,,
,,,,,,,,,,,,,,,,,,,,
,,,,,,,,,,,,,,,,,,,,
,,,,,,,,,,,,,,,,,,,,
,,,,,,,,,,,,,,,,,,,,
,,,,,,,,,,,,,,,,,,,,
,,,,,,,,,,,,,,,,,,,,
,,,,,,,,,,,,,,,,,,,,
,,,,,,,,,,,,,,,,,,,,
,,,,,,,,,,,,,,,,,,,,
,,,,,,,,,,,,,,,,,,,,
,,,,,,,,,,,,,,,,,,,,
,,,,,,,,,,,,,,,,,,,,
,,,,,,,,,,,,,,,,,,,,
,,,,,,,,,,,,,,,,,,,,
,,,,,,,,,,,,,,,,,,,,
,,,,,,,,,,,,,,,,,,,,
,,,,,,,,,,,,,,,,,,,,
,,,,,,,,,,,,,,,,,,,,
,,,,,,,,,,,,,,,,,,,,
,,,,,,,,,,,,,,,,,,,,
,,,,,,,,,,,,,,,,,,,,
,,,,,,,,,,,,,,,,,,,,
,,,,,,,,,,,,,,,,,,,,
,,,,,,,,,,,,,,,,,,,,
,,,,,,,,,,,,,,,,,,,,
,,,,,,,,,,,,,,,,,,,,
,,,,,,,,,,,,,,,,,,,,
,,,,,,,,,,,,,,,,,,,,
,,,,,,,,,,,,,,,,,,,,
,,,,,,,,,,,,,,,,,,,,
,,,,,,,,,,,,,,,,,,,,
,,,,,,,,,,,,,,,,,,,,
,,,,,,,,,,,,,,,,,,,,
,,,,,,,,,,,,,,,,,,,,
,,,,,,,,,,,,,,,,,,,,
,,,,,,,,,,,,,,,,,,,,
,,,,,,,,,,,,,,,,,,,,
,,,,,,,,,,,,,,,,,,,,
,,,,,,,,,,,,,,,,,,,,
,,,,,,,,,,,,,,,,,,,,
,,,,,,,,,,,,,,,,,,,,
,,,,,,,,,,,,,,,,,,,,
,,,,,,,,,,,,,,,,,,,,
,,,,,,,,,,,,,,,,,,,,
,,,,,,,,,,,,,,,,,,,,
,,,,,,,,,,,,,,,,,,,,
,,,,,,,,,,,,,,,,,,,,
,,,,,,,,,,,,,,,,,,,,
,,,,,,,,,,,,,,,,,,,,
,,,,,,,,,,,,,,,,,,,,
,,,,,,,,,,,,,,,,,,,,
,,,,,,,,,,,,,,,,,,,,
,,,,,,,,,,,,,,,,,,,,
,,,,,,,,,,,,,,,,,,,,
,,,,,,,,,,,,,,,,,,,,
,,,,,,,,,,,,,,,,,,,,
,,,,,,,,,,,,,,,,,,,,
,,,,,,,,,,,,,,,,,,,,
,,,,,,,,,,,,,,,,,,,,
,,,,,,,,,,,,,,,,,,,,
,,,,,,,,,,,,,,,,,,,,
,,,,,,,,,,,,,,,,,,,,
,,,,,,,,,,,,,,,,,,,,
,,,,,,,,,,,,,,,,,,,,
,,,,,,,,,,,,,,,,,,,,
,,,,,,,,,,,,,,,,,,,,
,,,,,,,,,,,,,,,,,,,,
,,,,,,,,,,,,,,,,,,,,
,,,,,,,,,,,,,,,,,,,,
,,,,,,,,,,,,,,,,,,,,
,,,,,,,,,,,,,,,,,,,,
,,,,,,,,,,,,,,,,,,,,
,,,,,,,,,,,,,,,,,,,,
,,,,,,,,,,,,,,,,,,,,
,,,,,,,,,,,,,,,,,,,,
,,,,,,,,,,,,,,,,,,,,
,,,,,,,,,,,,,,,,,,,,
,,,,,,,,,,,,,,,,,,,,
,,,,,,,,,,,,,,,,,,,,
,,,,,,,,,,,,,,,,,,,,
,,,,,,,,,,,,,,,,,,,,
,,,,,,,,,,,,,,,,,,,,
,,,,,,,,,,,,,,,,,,,,
,,,,,,,,,,,,,,,,,,,,
,,,,,,,,,,,,,,,,,,,,
,,,,,,,,,,,,,,,,,,,,
,,,,,,,,,,,,,,,,,,,,
,,,,,,,,,,,,,,,,,,,,
,,,,,,,,,,,,,,,,,,,,
,,,,,,,,,,,,,,,,,,,,
,,,,,,,,,,,,,,,,,,,,
,,,,,,,,,,,,,,,,,,,,
,,,,,,,,,,,,,,,,,,,,
,,,,,,,,,,,,,,,,,,,,
,,,,,,,,,,,,,,,,,,,,
,,,,,,,,,,,,,,,,,,,,
,,,,,,,,,,,,,,,,,,,,
,,,,,,,,,,,,,,,,,,,,
,,,,,,,,,,,,,,,,,,,,
,,,,,,,,,,,,,,,,,,,,
,,,,,,,,,,,,,,,,,,,,
,,,,,,,,,,,,,,,,,,,,
,,,,,,,,,,,,,,,,,,,,
,,,,,,,,,,,,,,,,,,,,
,,,,,,,,,,,,,,,,,,,,
,,,,,,,,,,,,,,,,,,,,
,,,,,,,,,,,,,,,,,,,,
,,,,,,,,,,,,,,,,,,,,
,,,,,,,,,,,,,,,,,,,,
,,,,,,,,,,,,,,,,,,,,
,,,,,,,,,,,,,,,,,,,,
,,,,,,,,,,,,,,,,,,,,
,,,,,,,,,,,,,,,,,,,,
,,,,,,,,,,,,,,,,,,,,
,,,,,,,,,,,,,,,,,,,,
,,,,,,,,,,,,,,,,,,,,
,,,,,,,,,,,,,,,,,,,,
,,,,,,,,,,,,,,,,,,,,
,,,,,,,,,,,,,,,,,,,,
,,,,,,,,,,,,,,,,,,,,
,,,,,,,,,,,,,,,,,,,,
,,,,,,,,,,,,,,,,,,,,
,,,,,,,,,,,,,,,,,,,,
,,,,,,,,,,,,,,,,,,,,
,,,,,,,,,,,,,,,,,,,,
,,,,,,,,,,,,,,,,,,,,
,,,,,,,,,,,,,,,,,,,,
,,,,,,,,,,,,,,,,,,,,
,,,,,,,,,,,,,,,,,,,,
,,,,,,,,,,,,,,,,,,,,
,,,,,,,,,,,,,,,,,,,,
,,,,,,,,,,,,,,,,,,,,
,,,,,,,,,,,,,,,,,,,,
,,,,,,,,,,,,,,,,,,,,
,,,,,,,,,,,,,,,,,,,,
,,,,,,,,,,,,,,,,,,,,
,,,,,,,,,,,,,,,,,,,,
,,,,,,,,,,,,,,,,,,,,
,,,,,,,,,,,,,,,,,,,,
,,,,,,,,,,,,,,,,,,,,
,,,,,,,,,,,,,,,,,,,,
,,,,,,,,,,,,,,,,,,,,
,,,,,,,,,,,,,,,,,,,,
,,,,,,,,,,,,,,,,,,,,
,,,,,,,,,,,,,,,,,,,,
,,,,,,,,,,,,,,,,,,,,
