ISO_YSAMP_N,WATER,SITE_N,DATE_COL,TIME_COL,DAY_N,MONTH,YEAR,DSAMP_N,TEMP_SAMP,DEPTH_SAMP,CREW,COMMENT
SIC.BYP.2003.001,BYP,,7/24/2003,,205.00,7,2003,1,,,,"Added from ""SIC ALL WATERS 2.24.16"""
SIC.BYP.2003.002,BYP,,8/11/2003,,223.00,8,2003,1,,,,"Added from ""SIC ALL WATERS 2.24.16"""
SIC.BYP.2003.003,BYP,,8/26/2003,,238.00,8,2003,1,,,,"Added from ""SIC ALL WATERS 2.24.16"""
SIC.BYP.2009.001,BYP,,7/7/2009,0.40625,188.00,7,2009,1,20.6,,DCJ,"Added from ""SIC ALL WATERS 2.24.16"""
SIC.CAL.2004.001,CAL,,8/17/2004,,230.00,8,2004,1,,,,"Added from ""SIC ALL WATERS 2.24.16"""
SIC.CAL.2021.001,CAL,,7/26/2021,0.423611111,207.00,7,2021,1,,0,,
SIC.CAL.2021.002,CAL,,8/18/2021,0.421527778,230.00,8,2021,1,,0,,
SIC.CAL.2021.003,CAL,,10/8/2021,,281.00,10,2021,,,,,
SIC.CAL.2021.004,CAL,,10/8/2021,,281.00,10,2021,,,,,
SIC.CAL.2021.005,CAL,,10/8/2021,,281.00,10,2021,,,,,
SIC.CAL.2021.006,CAL,,11/2/2021,,306.00,10,2021,,,,,
SIC.CAL.2021.007,CAL,,11/2/2021,,306.00,11,2021,,,,,
SIC.CAL.2021.008,CAL,,11/2/2021,,306.00,11,2021,,,,,
SIC.CAL.2022.001,CAL,,9/28/2022,,271.00,9,2022,1,,10,SFJ,
SIC.COM.2021.001,COM,MWT.COM.1B,6/24/2021,0.834722222,175.00,6,2021,1,,,"MEA, DW",
SIC.COM.2021.002,COM,MWT.COM.1B,6/24/2021,0.841666667,175.00,6,2021,2,,,"MEA, DW",
SIC.COM.2021.003,COM,MWT.COM.2B,6/24/2021,0.85,175.00,6,2021,3,,,"MEA, DW",
SIC.COM.2021.004,COM,MWT.COM.2B,6/24/2021,0.852083333,175.00,6,2021,4,,,"MEA, DW",
SIC.COM.2021.005,COM,,7/27/2021,0.438888889,208.00,7,2021,1,,0,,
SIC.COM.2021.006,COM,MWT.COM.1B,8/10/2021,,222.00,8,2021,1,,,"MEA, DW",
SIC.COM.2021.007,COM,MWT.COM.1B,8/10/2021,0.611111111,222.00,8,2021,2,,,"MEA, DW",
SIC.COM.2021.008,COM,MWT.COM.2B,8/10/2021,,222.00,8,2021,3,,,"MEA, DW",
SIC.COM.2021.009,COM,MWT.COM.3B,8/10/2021,,222.00,8,2021,4,,,"MEA, DW",
SIC.COM.2021.010,COM,MWT.COM.1C,8/10/2021,0.620138889,222.00,8,2021,5,,,"MEA, DW",
SIC.COM.2021.011,COM,MWT.COM.NA,8/10/2021,,222.00,8,2021,6,,,"MEA, DW",
SIC.COM.2021.012,COM,MWT.COM.3A,8/10/2021,0.71875,222.00,8,2021,7,,,"MEA, DW",
SIC.COM.2021.013,COM,MWT.COM.1B,8/11/2021,0.673611111,223.00,8,2021,1,,,"MEA, DW",
SIC.COM.2021.014,COM,MWT.COM.2B,8/11/2021,0.699305556,223.00,8,2021,2,,,"MEA, DW",
SIC.COM.2021.015,COM,MWT.COM.3C,8/11/2021,0.732638889,223.00,8,2021,3,,,"MEA, DW",
SIC.COM.2021.016,COM,WCS.COM.001,8/20/2021,,232.00,8,2021,1,,,"MEA, DW",
SIC.CSL.2021.001,CSL,,7/27/2021,0.40625,208.00,7,2021,1,,0,,
SIC.ETL.2009.001,ETL,,6/8/2009,0.4375,159.00,6,2009,1,17.2,,"DCJ,JAC","Added from ""SIC ALL WATERS 2.24.16"""
SIC.ETL.2009.002,ETL,,7/1/2009,0.4375,182.00,7,2009,1,21,,"DCJ,JAC","Added from ""SIC ALL WATERS 2.24.16"""
SIC.ETL.2009.003,ETL,,8/5/2009,0.46875,217.00,8,2009,1,22.7,,"KJJ,JAC","Added from ""SIC ALL WATERS 2.24.16"""
SIC.ETL.2009.004,ETL,,9/2/2009,0.458333333,245.00,9,2009,1,18.8,,"DCJ,JAC","Added from ""SIC ALL WATERS 2.24.16"""
SIC.ETL.2021.001,ETL,GLN.ETL.005,6/30/2021,,181.00,6,2021,1,,,"MEA, DW",
SIC.ETL.2021.002,ETL,GLN.ETL.012,6/30/2021,0.604166667,181.00,6,2021,2,,,"MEA, DW",
SIC.ETL.2021.003,ETL,GLN.ETL.005,7/2/2021,0.626388889,183.00,7,2021,1,,,"MEA, DW",
SIC.ETL.2021.004,ETL,,7/27/2021,0.3875,208.00,7,2021,1,,0,,
SIC.ETL.2021.005,ETL,,10/7/2021,,280.00,10,2021,,,,,
SIC.ETL.2021.006,ETL,,10/7/2021,,280.00,10,2021,,,,,
SIC.ETL.2021.007,ETL,,10/7/2021,,280.00,10,2021,,,,,
SIC.ETL.2021.008,ETL,,10/7/2021,,280.00,10,2021,,,,,
SIC.ETL.2021.009,ETL,,10/7/2021,,280.00,10,2021,,,,,
SIC.ETL.2021.010,ETL,,10/7/2021,,280.00,10,2021,,,,,
SIC.ETL.2021.011,ETL,,11/9/2021,,313.00,11,2021,1,,0,,
SIC.ETL.2022.001,ETL,,9/27/2022,,270.00,9,2022,1,,4,SFJ,
SIC.FBL.1999.001,FBL,,5/21/2005,,141.00,5,1999,1,,,NGS,"Added from ""SIC ALL WATERS 2.24.16"""
SIC.FBL.1999.002,FBL,,6/15/1999,,166.00,6,1999,1,,,NGS,"Added from ""SIC ALL WATERS 2.24.16"""
SIC.FBL.1999.003,FBL,,7/22/1999,,203.00,7,1999,1,,,NGS,"Added from ""SIC ALL WATERS 2.24.16"""
SIC.FBL.1999.004,FBL,,8/11/1999,,223.00,8,1999,1,,,NGS,"Added from ""SIC ALL WATERS 2.24.16"""
SIC.FBL.1999.005,FBL,,9/2/1999,,245.00,9,1999,1,,,NGS,"Added from ""SIC ALL WATERS 2.24.16"""
SIC.FBL.1999.006,FBL,,10/8/1999,,281.00,10,1999,1,,,NGS,"Added from ""SIC ALL WATERS 2.24.16"""
SIC.FBL.2000.001,FBL,,7/12/2000,,194.00,7,2000,1,,,,"Added from ""SIC ALL WATERS 2.24.16"""
SIC.FBL.2000.002,FBL,,7/14/2000,,196.00,7,2000,1,,,,"Added from ""SIC ALL WATERS 2.24.16"""
SIC.FBL.2000.003,FBL,,7/26/2000,,208.00,7,2000,1,,,,"Added from ""SIC ALL WATERS 2.24.16"""
SIC.FBL.2000.004,FBL,,8/9/2000,,222.00,8,2000,1,,,,"Added from ""SIC ALL WATERS 2.24.16"""
SIC.FBL.2000.005,FBL,,8/21/2000,,234.00,8,2000,1,,,,"Added from ""SIC ALL WATERS 2.24.16"""
SIC.FBL.2001.001,FBL,,6/4/2001,,155.00,6,2001,1,,,,"Added from ""SIC ALL WATERS 2.24.16"""
SIC.FBL.2001.002,FBL,,6/20/2001,,171.00,6,2001,1,,,,"Added from ""SIC ALL WATERS 2.24.16"""
SIC.FBL.2001.003,FBL,,7/13/2001,,194.00,7,2001,1,,,,"Added from ""SIC ALL WATERS 2.24.16"""
SIC.FBL.2001.004,FBL,,8/2/2001,,214.00,8,2001,1,,,,"Added from ""SIC ALL WATERS 2.24.16"""
SIC.FBL.2001.005,FBL,,8/17/2001,,229.00,8,2001,1,,,,"Added from ""SIC ALL WATERS 2.24.16"""
SIC.FBL.2002.001,FBL,,7/12/2002,,193.00,7,2002,1,,,,"Added from ""SIC ALL WATERS 2.24.16"""
SIC.FBL.2002.002,FBL,,8/14/2002,,226.00,8,2002,1,,,,"Added from ""SIC ALL WATERS 2.24.16"""
SIC.FBL.2002.003,FBL,,5/21/2002,,141.00,5,2002,,,,,Added from 'JML ISOTOPE DATA'
SIC.FBL.2003.001,FBL,,5/5/2003,,125.00,5,2003,1,,,,"Added from ""SIC ALL WATERS 2.24.16"""
SIC.FBL.2003.002,FBL,,5/6/2003,,126.00,5,2003,1,,,,"Added from ""SIC ALL WATERS 2.24.16"""
SIC.FBL.2003.003,FBL,,5/12/2003,,132.00,5,2003,1,,,,"Added from ""SIC ALL WATERS 2.24.16"""
SIC.FBL.2003.004,FBL,,6/4/2003,,155.00,6,2003,1,,,,"Added from ""SIC ALL WATERS 2.24.16"""
SIC.FBL.2003.005,FBL,,7/6/2003,,187.00,7,2003,1,,,,"Added from ""SIC ALL WATERS 2.24.16"""
SIC.FBL.2003.006,FBL,,8/6/2003,,218.00,8,2003,1,,,,"Added from ""SIC ALL WATERS 2.24.16"""
SIC.FBL.2003.007,FBL,,8/18/2003,,230.00,8,2003,1,,,,"Added from ""SIC ALL WATERS 2.24.16"""
SIC.FBL.2004.001,FBL,,6/12/2004,,164.00,6,2004,1,,,,"Added from ""SIC ALL WATERS 2.24.16"""
SIC.FBL.2004.002,FBL,,8/2/2004,,215.00,8,2004,1,,,,"Added from ""SIC ALL WATERS 2.24.16"""
SIC.FBL.2004.003,FBL,,9/2/2004,,246.00,9,2004,1,,,,"Added from ""SIC ALL WATERS 2.24.16"""
SIC.FBL.2005.001,FBL,,6/23/2005,0.434027778,174.00,6,2005,1,21,,"TJT,AJD","Added from ""SIC ALL WATERS 2.24.16"""
SIC.FBL.2005.002,FBL,,7/12/2005,0.354166667,193.00,7,2005,1,23,,"JMR,AJD","Added from ""SIC ALL WATERS 2.24.16"""
SIC.FBL.2005.003,FBL,,7/25/2005,0.444444444,206.00,7,2005,1,24,,"JMR,MAC","Added from ""SIC ALL WATERS 2.24.16"""
SIC.FBL.2005.004,FBL,,8/9/2005,0.534722222,221.00,8,2005,1,24.7,,"JMR,MAC","Added from ""SIC ALL WATERS 2.24.16"""
SIC.FBL.2005.005,FBL,,8/29/2005,0.510416667,241.00,8,2005,1,23,,"TJT,MAC","Added from ""SIC ALL WATERS 2.24.16"""
SIC.FBL.2006.001,FBL,1,6/8/2006,0.072916667,159.00,6,2006,1,,,"EVC, EBR","Added from ""SIC ALL WATERS 2.24.16"""
SIC.FBL.2006.002,FBL,1,6/27/2006,0.666666667,178.00,6,2006,1,20.5,,"EVC,CEK","Added from ""SIC ALL WATERS 2.24.16"""
SIC.FBL.2006.003,FBL,1,7/6/2006,0.583333333,187.00,7,2006,1,21,,"EVC,EBR","Added from ""SIC ALL WATERS 2.24.16"""
SIC.FBL.2006.004,FBL,1,7/21/2006,0.572916667,202.00,7,2006,1,25,,"EVC,EBR","Added from ""SIC ALL WATERS 2.24.16"""
SIC.FBL.2006.005,FBL,1,8/17/2006,0.5625,229.00,8,2006,1,,,"EVC, BAV","Added from ""SIC ALL WATERS 2.24.16"""
SIC.FBL.2006.UNK,FBL,,,,,,2006,,,,,Added from 'JML ISOTOPE DATA'
SIC.FBL.2009.001,FBL,,6/30/2009,0.458333333,181.00,6,2009,1,21,,"DCJ,JAC","Added from ""SIC ALL WATERS 2.24.16"""
SIC.FBL.2009.002,FBL,,8/4/2009,0.475694444,216.00,8,2009,1,21.6,,"KJJ,JAC","Added from ""SIC ALL WATERS 2.24.16"""
SIC.FBL.2009.003,FBL,,9/2/2009,0.541666667,245.00,9,2009,1,,,"DCJ,JAC","Added from ""SIC ALL WATERS 2.24.16"""
SIC.FBL.2021.001,FBL,,7/26/2021,0.390972222,207.00,7,2021,1,,0,,
SIC.FBL.2021.002,FBL,,10/29/2021,,302.00,10,2021,,,,,
SIC.FBL.2021.003,FBL,,10/29/2021,,302.00,10,2021,,,,,
SIC.FBL.2021.004,FBL,,11/10/2021,,314.00,11,2021,1,,0,,
SIC.FBL.2022.001,FBL,,11/11/2022,,315.00,11,2022,1,,0,ETD,
SIC.FOB.2004.001,FOB,,8/16/2004,,229.00,8,2004,1,,,,"Added from ""SIC ALL WATERS 2.24.16"""
SIC.FOB.2021.001,FOB,,8/4/2021,0.46875,216.00,8,2021,1,,0,,
SIC.FOB.2021.002,FOB,,10/19/2021,,292.00,10,2021,,,,,
SIC.FOB.2021.003,FOB,,10/19/2021,,292.00,10,2021,,,,,
SIC.FOB.2021.004,FOB,,10/19/2021,,292.00,10,2021,,,,,
SIC.FOB.2021.005,FOB,,10/19/2021,,292.00,10,2021,,,,,
SIC.FOB.2021.006,FOB,,10/19/2021,,292.00,10,2021,,,,,
SIC.FOB.2021.007,FOB,,10/19/2021,,292.00,10,2021,,,,,
SIC.FOB.2022.001,FOB,,9/29/2022,,272.00,9,2022,1,,6,SFJ,
SIC.GNL.2003.001,GNL,,6/15/2003,,166.00,6,2003,1,,,,"Added from ""SIC ALL WATERS 2.24.16"""
SIC.GNL.2003.002,GNL,,7/31/2003,,212.00,7,2003,1,,,,"Added from ""SIC ALL WATERS 2.24.16"""
SIC.GNL.2003.003,GNL,,8/14/2003,,226.00,8,2003,1,,,,"Added from ""SIC ALL WATERS 2.24.16"""
SIC.GNL.2003.004,GNL,,8/29/2003,,241.00,8,2003,1,,,,"Added from ""SIC ALL WATERS 2.24.16"""
SIC.GNL.2021.001,GNL,,7/26/2021,0.489583333,207.00,7,2021,1,,0,,
SIC.GNL.2021.002,GNL,,10/7/2021,,280.00,10,2021,,,,,
SIC.GNL.2021.003,GNL,,10/7/2021,,280.00,10,2021,,,,,
SIC.GNL.2021.004,GNL,,10/20/2021,,293.00,10,2021,,,,,
SIC.GNL.2021.005,GNL,,10/20/2021,,293.00,10,2021,,,,,
SIC.GNL.2021.006,GNL,,10/20/2021,,293.00,10,2021,,,,,
SIC.GNL.2021.007,GNL,,11/10/2021,,314.00,11,2021,1,,0,,BROKEN VIAL
SIC.GNL.2022.001,GNL,,9/30/2022,,273.00,9,2022,1,,8,SFJ,
SIC.HAL.2007.001,HAL,,7/30/2007,,211.00,7,2007,,,,,
SIC.HAL.2008.001,HAL,,8/4/2008,,217.00,8,2008,,,,,
SIC.HAL.2009.001,HAL,,6/29/2009,0.458333333,180.00,6,2009,1,19.2,,"DCJ,JAC","Added from ""SIC ALL WATERS 2.24.16"""
SIC.HAL.2009.002,HAL,,8/3/2009,0.458333333,215.00,8,2009,1,20.1,,"KJJ,JAC","Added from ""SIC ALL WATERS 2.24.16"""
SIC.HAL.2009.003,HAL,,8/3/2009,,215.00,8,2009,,,,,
SIC.HAL.2010.001,HAL,,8/12/2010,,224.00,8,2010,,,,,
SIC.HAL.2012.001,HAL,,8/6/2012,,219.00,8,2012,,,,,
SIC.HAL.2012.002,HAL,,8/6/2012,,219.00,8,2012,,,,,
SIC.HAL.2013.001,HAL,,5/30/2013,,,5,2013,1,,,"KJJ, SG","Added from ""SIC ALL WATERS 2.24.16"""
SIC.HAL.2013.002,HAL,,7/22/2013,,203.00,7,2013,,,,,
SIC.HAL.2013.003,HAL,,9/6/2013,,249.00,9,2013,,,,,
SIC.HAL.2014.001,HAL,,,,,,2014,,,,,Added from Driscoll isotope files
SIC.HAL.2015.001,HAL,,,,,,2015,,,,,Added from Driscoll isotope files
SIC.HAL.2016.001,HAL,,8/8/2016,,221.00,8,2016,,,,,
SIC.HAL.2017.001,HAL,,7/11/2017,,192.00,7,2017,,,,,
SIC.HAL.2017.002,HAL,,8/7/2017,,219.00,8,2017,,,,,
SIC.HAL.2017.003,HAL,,8/7/2017,,219.00,8,2017,,,,,
SIC.HAL.2019.001,HAL,,5/21/2019,,141.00,5,2019,,,,,
SIC.HAL.2019.002,HAL,,5/22/2019,,142.00,5,2019,,,,,
SIC.HAL.2019.003,HAL,,8/1/2019,,213.00,8,2019,,,,,
SIC.HAL.2021.001,HAL,BEF.HAL.005,5/26/2021,0.884722222,146.00,5,2021,1,,,"MEA, DW",
SIC.HAL.2021.002,HAL,BEF.HAL.006,5/26/2021,0.902777778,146.00,5,2021,2,,,"MEA, DW",
SIC.HAL.2021.003,HAL,,8/26/2021,0.506944444,238.00,8,2021,1,,0,,
SIC.HAL.2021.004,HAL,,10/21/2021,,294.00,10,2021,,,,,
SIC.HAL.2021.005,HAL,,10/21/2021,,294.00,10,2021,,,,,
SIC.HAL.2021.006,HAL,,10/21/2021,,294.00,10,2021,,,,,
SIC.HAL.2021.007,HAL,,10/21/2021,,294.00,10,2021,,,,,
SIC.HAL.2021.008,HAL,,10/21/2021,,294.00,10,2021,,,,,
SIC.HAL.2021.009,HAL,,10/21/2021,,294.00,10,2021,,,,,
SIC.HAL.2022.001,HAL,,10/17/2022,,290.00,10,2022,1,,0,EAB,
SIC.HAL.T16.2013.001,HAL.T16,,,,,,2013,,,,,Added from Driscoll isotope files
SIC.HAL.T16.2014.001,HAL.T16,,,,,,2014,,,,,Added from Driscoll isotope files
SIC.HAL.T16.2015.001,HAL.T16,,,,,,2015,,,,,Added from Driscoll isotope files
SIC.HAL.T16.2016.001,HAL.T16,,,,,,2016,,,,,Added from Driscoll isotope files
SIC.HAL.T24.2013.001,HAL.T24,,,,,,2013,,,,,Added from Driscoll isotope files
SIC.HAL.T24.2014.001,HAL.T24,,,,,,2014,,,,,Added from Driscoll isotope files
SIC.HAL.T24.2015.001,HAL.T24,,,,,,2015,,,,,Added from Driscoll isotope files
SIC.HAL.T24.2016.001,HAL.T24,,,,,,2016,,,,,Added from Driscoll isotope files
SIC.HAL.T6.2013.001,HAL.T6,,,,,,2013,,,,,Added from Driscoll isotope files
SIC.HAL.T6.2013.002,HAL.T6,,,,,,2013,,,,,Added from Driscoll isotope files
SIC.HAL.T6.2013.003,HAL.T6,,,,,,2013,,,,,Added from Driscoll isotope files
SIC.HAL.T6.2013.004,HAL.T6,,,,,,2013,,,,,Added from Driscoll isotope files
SIC.HAL.T6.2014.002,HAL.T6,,,,,,2014,,,,,Added from Driscoll isotope files
SIC.HAL.T6.2014.003,HAL.T6,,,,,,2014,,,,,Added from Driscoll isotope files
SIC.HAL.T6.2014.004,HAL.T6,,,,,,2014,,,,,Added from Driscoll isotope files
SIC.HAL.T6.2015.002,HAL.T6,,,,,,2015,,,,,Added from Driscoll isotope files
SIC.HAL.T6.2015.003,HAL.T6,,,,,,2015,,,,,Added from Driscoll isotope files
SIC.HAL.T6.2015.004,HAL.T6,,,,,,2015,,,,,Added from Driscoll isotope files
SIC.HAL.T6.2016.002,HAL.T6,,,,,,2016,,,,,Added from Driscoll isotope files
SIC.HAL.T6.2016.003,HAL.T6,,,,,,2016,,,,,Added from Driscoll isotope files
SIC.HAL.T6.2016.004,HAL.T6,,,,,,2016,,,,,Added from Driscoll isotope files
SIC.HAL.T6.2016.005,HAL.T6,,,,,,2016,,,,,Added from Driscoll isotope files
SIC.HAL.T8.2013.001,HAL.T8,,,,,,2013,,,,,Added from Driscoll isotope files
SIC.HAL.T8.2013.002,HAL.T8,,,,,,2013,,,,,Added from Driscoll isotope files
SIC.HAL.T8.2013.003,HAL.T8,,,,,,2013,,,,,Added from Driscoll isotope files
SIC.HAL.T8.2014.002,HAL.T8,,,,,,2014,,,,,Added from Driscoll isotope files
SIC.HAL.T8.2014.003,HAL.T8,,,,,,2014,,,,,Added from Driscoll isotope files
SIC.HAL.T8.2015.002,HAL.T8,,,,,,2015,,,,,Added from Driscoll isotope files
SIC.HAL.T8.2015.003,HAL.T8,,,,,,2015,,,,,Added from Driscoll isotope files
SIC.HAL.T8.2016.003,HAL.T8,,,,,,2016,,,,,Added from Driscoll isotope files
SIC.HAL.T9.2013.001,HAL.T9,,,,,,2013,,,,,Added from Driscoll isotope files
SIC.HAL.T9.2014.001,HAL.T9,,,,,,2014,,,,,Added from Driscoll isotope files
SIC.HAL.T9.2015.001,HAL.T9,,,,,,2015,,,,,Added from Driscoll isotope files
SIC.HAL.T9.2016.001,HAL.T9,,,,,,2016,,,,,Added from Driscoll isotope files
SIC.HNM.2020.001,HNM,1,8/31/2020,0.583333333,244.00,9,2020,1,,,"MEA, NSL",
SIC.HNM.2020.002,HNM,2,8/31/2020,0.708333333,244.00,9,2020,2,,,"MEA, NSL",
SIC.HNM.2020.003,HNM,3,9/3/2020,0.625,247.00,9,2020,1,,,"MEA, NSL",
SIC.HNM.2020.004,HNM,5,10/3/2020,0.583333333,277.00,10,2020,1,,,"MEA, NSL",
SIC.HNM.2020.005,HNM,4,10/3/2020,0.625,277.00,10,2020,2,,,"MEA, NSL",
SIC.HNM.2021.001,HRM,MWT.HRM_BW2.001,9/24/2021,0.416666667,267.00,9,2021,1,,,MEA,
SIC.HNM.2021.002,HRM,MWT.HRM_BW2.001,9/24/2021,0.416666667,267.00,9,2021,2,,,MEA,
SIC.HNM.2021.003,HRM,MWT.HRM_SHI.001,9/24/2021,0.440972222,267.00,9,2021,1,,,MEA,
SIC.HNM.2021.004,HRM,MWT.HRM_SHI.001,9/24/2021,0.440972222,267.00,9,2021,2,,,MEA,
SIC.HNM.2021.005,HRM,MWT.HRM_FOR.001,9/24/2021,0.479166667,267.00,9,2021,1,,,MEA,
SIC.HNM.2021.006,HRM,MWT.HRM_FOR.001,9/24/2021,0.505555556,267.00,9,2021,2,,,MEA,
SIC.HNM.2021.007,HRM,MWT.HRM_FOR.001,9/24/2021,0.510416667,267.00,9,2021,3,,,MEA,
SIC.HNM.2021.008,HRM,MWT.HNM_BAR.001,9/24/2021,0.541666667,267.00,9,2021,1,,,MEA,
SIC.HNM.2021.009,HRM,MWT.HNM_BAR.001,9/24/2021,0.541666667,267.00,9,2021,2,,,MEA,
SIC.HNM.2021.010,HRM,MWT.HNM_BAR.001,9/25/2021,0.419444444,268.00,9,2021,1,,,MEA,
SIC.HNM.2021.011,HRM,MWT.HNM_BAR.001,9/25/2021,0.419444444,268.00,9,2021,2,,,MEA,
SIC.HNM.2021.012,HRM,MWT.HRM_FOR.001,9/25/2021,0.449305556,268.00,9,2021,1,,,MEA,
SIC.HNM.2021.013,HRM,MWT.HRM_FOR.001,9/25/2021,0.45625,268.00,9,2021,2,,,MEA,
SIC.HNM.2021.014,HRM,MWT.HRM_SHI.001,9/25/2021,0.493055556,268.00,9,2021,1,,,MEA,
SIC.HNM.2021.015,HRM,MWT.HRM_BW2.001,9/25/2021,0.526388889,268.00,9,2021,1,,,MEA,
SIC.HNM.2021.016,HRM,MWT.HRM_SHI.001,9/25/2021,0.526388889,268.00,9,2021,2,,,MEA,
SIC.HNM.2021.017,HRM,MWT.HNM_BAR.001,9/25/2021,,268.00,9,2021,1,,,"MEA, DW",
SIC.HNM.2021.018,HRM,MWT.HRM_BW2.001,9/25/2021,,268.00,9,2021,1,,,"MEA, DW",
SIC.HNM.2021.019,HRM,MWT.HRM_FOR.001,9/25/2021,,268.00,9,2021,1,,,"MEA, DW",
SIC.HNM.2021.020,HRM,MWT.HRM_SHI.001,9/25/2021,,268.00,9,2021,1,,,"MEA, DW",
SIC.HNM.2021.021,HRM,MWT.HRM_SHI.001,9/26/2021,0.430555556,269.00,9,2021,1,,,MEA,
SIC.HNM.2021.022,HRM,MWT.HRM_SHI.001,9/26/2021,0.430555556,269.00,9,2021,2,,,MEA,
SIC.HNM.2021.023,HRM,MWT.HRM_FOR.001,9/26/2021,0.46875,269.00,9,2021,1,,,MEA,
SIC.HNM.2021.024,HRM,MWT.HNM_BAR.001,9/26/2021,0.520833333,269.00,9,2021,1,,,MEA,
SIC.HNM.2021.025,HRM,MWT.HNM_BAR.001,9/26/2021,0.520833333,269.00,9,2021,2,,,MEA,
SIC.HNM.2021.026,HRM,MWT.HNM_BAR.001,9/26/2021,0.520833333,269.00,9,2021,3,,,MEA,
SIC.HNM.2021.027,HRM,MWT.HRM_BW2.001,9/26/2021,0.576388889,269.00,9,2021,1,,,MEA,
SIC.HNM.2021.028,HRM,MWT.HRM_BW2.001,9/26/2021,0.579861111,269.00,9,2021,2,,,MEA,
SIC.HNM.2021.029,HRM,MWT.HRM_BW2.001,9/26/2021,0.586805556,269.00,9,2021,3,,,MEA,
SIC.HNM.2021.030,HRM,MWT.HRM_SHI.001,9/26/2021,0.609027778,269.00,9,2021,3,,,MEA,
SIC.HNM.2021.031,HRM,MWT.HRM_SHI.001,9/26/2021,0.611111111,269.00,9,2021,4,,,MEA,
SIC.HNM.2021.032,HRM,MWT.HRM_SHI.001,9/26/2021,0.611111111,269.00,9,2021,5,,,MEA,
SIC.LMFS.2022.001,LMFS,LMFS,,,,9,2022,1,,,TMD,
SIC.LMFS.2022.002,LMFS,,11/11/2022,,315.00,11,2022,1,,0,TMD,
SIC.LML.1998.001,LML,,5/4/1998,,124.00,5,1998,,,,,Added from 'JML ISOTOPE DATA'
SIC.LML.1999.001,LML,,9/15/1999,,258.00,9,1999,,,,,Added from 'JML ISOTOPE DATA'
SIC.LML.1999.002,LML,,10/7/1999,,280.00,10,1999,,,,,Added from 'JML ISOTOPE DATA'
SIC.LML.2000.001,LML,,7/11/2000,,193.00,7,2000,,,,,Added from 'JML ISOTOPE DATA'
SIC.LML.2000.002,LML,,7/14/2000,,196.00,7,2000,,,,,Added from 'JML ISOTOPE DATA'
SIC.LML.2000.003,LML,,7/25/2000,,207.00,7,2000,,,,,Added from 'JML ISOTOPE DATA'
SIC.LML.2000.004,LML,,8/7/2000,,220.00,8,2000,,,,,Added from 'JML ISOTOPE DATA'
SIC.LML.2000.005,LML,,8/22/2000,,235.00,8,2000,,,,,Added from 'JML ISOTOPE DATA'
SIC.LML.2001.001,LML,,5/9/2001,,129.00,5,2001,,,,,Added from 'JML ISOTOPE DATA'
SIC.LML.2001.002,LML,,5/10/2001,,130.00,5,2001,,,,,Added from 'JML ISOTOPE DATA'
SIC.LML.2001.003,LML,,5/14/2001,,134.00,5,2001,,,,,Added from 'JML ISOTOPE DATA'
SIC.LML.2001.004,LML,,5/31/2001,,151.00,5,2001,,,,,Added from 'JML ISOTOPE DATA'
SIC.LML.2001.005,LML,,6/1/2001,,152.00,6,2001,,,,,Added from 'JML ISOTOPE DATA'
SIC.LML.2001.006,LML,,6/7/2001,,158.00,6,2001,,,,,Added from 'JML ISOTOPE DATA'
SIC.LML.2001.007,LML,,6/21/2001,,172.00,6,2001,,,,,Added from 'JML ISOTOPE DATA'
SIC.LML.2001.008,LML,,7/11/2001,,192.00,7,2001,,,,,Added from 'JML ISOTOPE DATA'
SIC.LML.2001.009,LML,,7/27/2001,,208.00,7,2001,,,,,Added from 'JML ISOTOPE DATA'
SIC.LML.2001.010,LML,,7/30/2001,,211.00,7,2001,,,,,Added from 'JML ISOTOPE DATA'
SIC.LML.2001.011,LML,,8/20/2001,,232.00,8,2001,,,,,Added from 'JML ISOTOPE DATA'
SIC.LML.2001.012,LML,,9/12/2001,,255.00,9,2001,,,,,Added from 'JML ISOTOPE DATA'
SIC.LML.2001.013,LML,,9/16/2001,,259.00,9,2001,,,,,Added from 'JML ISOTOPE DATA'
SIC.LML.2001.014,LML,,10/8/2001,,281.00,10,2001,,,,,Added from 'JML ISOTOPE DATA'
SIC.LML.2001.015,LML,,10/15/2001,,288.00,10,2001,,,,,Added from 'JML ISOTOPE DATA'
SIC.LML.2001.016,LML,,10/22/2001,,295.00,10,2001,,,,,Added from 'JML ISOTOPE DATA'
SIC.LML.2002.001,LML,,8/26/2002,,238.00,8,2002,1,,,,"Added from ""SIC ALL WATERS 2.24.16"""
SIC.LML.2002.002,LML,,4/14/2002,,104.00,4,2002,,,,,Added from 'JML ISOTOPE DATA'
SIC.LML.2002.003,LML,,4/18/2002,,108.00,4,2002,,,,,Added from 'JML ISOTOPE DATA'
SIC.LML.2002.004,LML,,4/20/2002,,110.00,4,2002,,,,,Added from 'JML ISOTOPE DATA'
SIC.LML.2002.005,LML,,5/8/2002,,128.00,5,2002,,,,,Added from 'JML ISOTOPE DATA'
SIC.LML.2002.006,LML,,5/10/2002,,130.00,5,2002,,,,,Added from 'JML ISOTOPE DATA'
SIC.LML.2002.007,LML,,5/31/2002,,151.00,5,2002,,,,,Added from 'JML ISOTOPE DATA'
SIC.LML.2002.008,LML,,6/3/2002,,154.00,6,2002,,,,,Added from 'JML ISOTOPE DATA'
SIC.LML.2002.009,LML,,6/6/2002,,157.00,6,2002,,,,,Added from 'JML ISOTOPE DATA'
SIC.LML.2002.010,LML,,6/13/2002,,164.00,6,2002,,,,,Added from 'JML ISOTOPE DATA'
SIC.LML.2002.011,LML,,6/14/2002,,165.00,6,2002,,,,,Added from 'JML ISOTOPE DATA'
SIC.LML.2002.012,LML,,6/16/2002,,167.00,6,2002,,,,,Added from 'JML ISOTOPE DATA'
SIC.LML.2002.013,LML,,6/17/2002,,168.00,6,2002,,,,,Added from 'JML ISOTOPE DATA'
SIC.LML.2002.014,LML,,6/18/2002,,169.00,6,2002,,,,,Added from 'JML ISOTOPE DATA'
SIC.LML.2002.015,LML,,6/21/2002,,172.00,6,2002,,,,,Added from 'JML ISOTOPE DATA'
SIC.LML.2002.016,LML,,6/28/2002,,179.00,6,2002,,,,,Added from 'JML ISOTOPE DATA'
SIC.LML.2002.017,LML,,7/9/2002,,190.00,7,2002,,,,,Added from 'JML ISOTOPE DATA'
SIC.LML.2002.018,LML,,7/17/2002,,198.00,7,2002,,,,,Added from 'JML ISOTOPE DATA'
SIC.LML.2002.019,LML,,7/22/2002,,203.00,7,2002,,,,,Added from 'JML ISOTOPE DATA'
SIC.LML.2002.020,LML,,7/30/2002,,211.00,7,2002,,,,,Added from 'JML ISOTOPE DATA'
SIC.LML.2002.021,LML,,8/3/2002,,215.00,8,2002,,,,,Added from 'JML ISOTOPE DATA'
SIC.LML.2002.022,LML,,8/7/2002,,219.00,8,2002,,,,,Added from 'JML ISOTOPE DATA'
SIC.LML.2002.023,LML,,8/26/2002,,238.00,8,2002,,,,,Added from 'JML ISOTOPE DATA'
SIC.LML.2002.024,LML,,8/27/2002,,239.00,8,2002,,,,,Added from 'JML ISOTOPE DATA'
SIC.LML.2003.001,LML,,5/7/2003,,127.00,5,2003,1,,,,"Added from ""SIC ALL WATERS 2.24.16"""
SIC.LML.2003.002,LML,,5/8/2003,,128.00,5,2003,1,,,,"Added from ""SIC ALL WATERS 2.24.16"""
SIC.LML.2003.003,LML,,6/4/2003,,155.00,6,2003,1,,,,"Added from ""SIC ALL WATERS 2.24.16"""
SIC.LML.2003.004,LML,,7/6/2003,,187.00,7,2003,1,,,,"Added from ""SIC ALL WATERS 2.24.16"""
SIC.LML.2003.005,LML,20,7/31/2003,,212.00,7,2003,1,,,,"Added from ""SIC ALL WATERS 2.24.16"""
SIC.LML.2003.006,LML,32,7/31/2003,,212.00,7,2003,2,,,,"Added from ""SIC ALL WATERS 2.24.16"""
SIC.LML.2003.007,LML,19,7/31/2003,,212.00,7,2003,3,,,,"Added from ""SIC ALL WATERS 2.24.16"""
SIC.LML.2003.008,LML,,7/31/2003,,212.00,7,2003,4,,,,"Added from ""SIC ALL WATERS 2.24.16"""
SIC.LML.2003.009,LML,,8/4/2003,,216.00,8,2003,1,,,,"Added from ""SIC ALL WATERS 2.24.16"""
SIC.LML.2004.001,LML,,6/12/2004,,164.00,6,2004,1,,,,"Added from ""SIC ALL WATERS 2.24.16"""
SIC.LML.2004.002,LML,,8/2/2004,,215.00,8,2004,1,,,,"Added from ""SIC ALL WATERS 2.24.16"""
SIC.LML.2004.003,LML,,8/16/2004,,229.00,8,2004,1,,,,"Added from ""SIC ALL WATERS 2.24.16"""
SIC.LML.2004.004,LML,,8/10/2005,0.451388889,222.00,8,2005,1,24.5,,"JMR,MAC","Added from ""SIC ALL WATERS 2.24.16"""
SIC.LML.2004.005,LML,1,8/30/2005,0.486111111,242.00,8,2005,1,23,,"TJT,MAC","Added from ""SIC ALL WATERS 2.24.16"""
SIC.LML.2005.001,LML,,6/23/2005,0.388888889,174.00,6,2005,1,19,,"TJT,AJD","Added from ""SIC ALL WATERS 2.24.16"""
SIC.LML.2005.002,LML,,7/13/2005,0.371527778,194.00,7,2005,1,,,"DCJ,MAC","Added from ""SIC ALL WATERS 2.24.16"""
SIC.LML.2005.003,LML,,7/25/2005,0.395833333,206.00,7,2005,1,22,,"JMR,MAC","Added from ""SIC ALL WATERS 2.24.16"""
SIC.LML.2006.001,LML,1,6/6/2006,0.631944444,157.00,6,2006,1,19,,JMR,"Added from ""SIC ALL WATERS 2.24.16"""
SIC.LML.2006.002,LML,1,6/28/2006,0.583333333,179.00,6,2006,1,,,"EVC, EBR","Added from ""SIC ALL WATERS 2.24.16"""
SIC.LML.2006.003,LML,1,7/6/2006,0.642361111,187.00,7,2006,1,20,,"EVC,EBR","Added from ""SIC ALL WATERS 2.24.16"""
SIC.LML.2006.004,LML,1,7/21/2006,0.666666667,202.00,7,2006,1,,,"EVC, BAV","Added from ""SIC ALL WATERS 2.24.16"""
SIC.LML.2006.005,LML,1,8/21/2006,0.583333333,233.00,8,2006,1,,,"EVC, BAV","Added from ""SIC ALL WATERS 2.24.16"""
SIC.LML.2009.001,LML,,6/30/2009,0.375,181.00,6,2009,1,21,,"DCJ,JAC","Added from ""SIC ALL WATERS 2.24.16"""
SIC.LML.2009.002,LML,,8/4/2009,0.395833333,216.00,8,2009,1,21.4,,"KJJ,JAC","Added from ""SIC ALL WATERS 2.24.16"""
SIC.LML.2009.003,LML,,9/2/2009,0.46875,245.00,9,2009,1,,,"DCJ,JAC","Added from ""SIC ALL WATERS 2.24.16"""
SIC.LML.2021.001,LML,BEF.LML.018,6/25/2021,,176.00,6,2021,1,,,"MEA ,NSL",
SIC.LML.2021.002,LML,,7/27/2021,0.41875,208.00,7,2021,1,,0,,
SIC.LML.2021.003,LML,BEF.LML.007,9/21/2021,0.947222222,264.00,9,2021,1,,,"EAB, KJJ",
SIC.LML.2021.004,LML,BEF.LML.009,9/21/2021,0.986805556,264.00,9,2021,2,,,"EAB, KJJ",
SIC.LML.2021.005,LML,BEF.LML.010,9/22/2021,0.0125,265.00,9,2021,1,,,"EAB, KJJ",
SIC.LML.2021.006,LML,BEF.LML.011,9/22/2021,0.065277778,265.00,9,2021,2,,,"EAB, KJJ",
SIC.LML.2021.007,LML,BEF.LML.014,9/22/2021,0.821527778,265.00,9,2021,3,,,"EAB, KJJ",
SIC.LML.2021.008,LML,BEF.LML.014,9/22/2021,0.836111111,265.00,9,2021,4,,,"KJJ, EAB",
SIC.LML.2021.009,LML,BEF.LML.015,9/22/2021,0.845833333,265.00,9,2021,5,,,"KJJ, EAB",
SIC.LML.2021.010,LML,BEF.LML.016,9/22/2021,0.846527778,265.00,9,2021,6,,,"EAB, KJJ",
SIC.LML.2021.011,LML,BEF.LML.017,9/22/2021,0.88125,265.00,9,2021,7,,,"KJJ, EAB",
SIC.LML.2021.012,LML,BEF.LML.018,9/22/2021,0.901388889,265.00,9,2021,8,,,"KJJ, EAB",
SIC.LML.2021.013,LML,BEF.LML.019,9/22/2021,0.917361111,265.00,9,2021,9,,,"KJJ, EAB",
SIC.LML.2021.014,LML,BEF.LML.020,9/22/2021,0.91875,265.00,9,2021,10,,,"EAB, KJJ",
SIC.LML.2021.015,LML,BEF.LML.020,9/22/2021,0.9375,265.00,9,2021,11,,,"KJJ, EAB",
SIC.LML.2021.016,LML,BEF.LML.021,9/22/2021,0.959027778,265.00,9,2021,12,,,"KJJ, EAB",
SIC.LML.2021.017,LML,BEF.LML.022,9/22/2021,0.979166667,265.00,9,2021,13,,,"KJJ, EAB",
SIC.LML.2021.018,LML,BEF.LML.026,9/23/2021,0.083333333,266.00,9,2021,1,,,"EAB, KJJ",
SIC.LML.2021.019,LML,BEF.LML.028,9/23/2021,0.832638889,266.00,9,2021,2,,,"KJJ, EAB",
SIC.LML.2021.020,LML,BEF.LML.014,10/8/2021,,281.00,10,2021,1,,,"MEA ,NSL",
SIC.LML.2021.021,LML,BEF.LML.014,10/8/2021,,281.00,10,2021,2,,,"MEA ,NSL",
SIC.LML.2021.022,LML,BEF.LML.015,10/8/2021,,281.00,10,2021,3,,,"MEA ,NSL",
SIC.LML.2021.023,LML,BEF.LML.015,10/8/2021,,281.00,10,2021,4,,,"MEA ,NSL",
SIC.LML.2021.024,LML,BEF.LML.015,10/8/2021,,281.00,10,2021,5,,,"MEA ,NSL",
SIC.LML.2021.025,LML,BEF.LML.015,10/8/2021,,281.00,10,2021,6,,,"MEA ,NSL",
SIC.LML.2021.026,LML,BEF.LML.016,10/8/2021,,281.00,10,2021,7,,,"MEA ,NSL",
SIC.LML.2021.027,LML,BEF.LML.016,10/8/2021,,281.00,10,2021,8,,,"MEA ,NSL",
SIC.LML.2021.028,LML,BEF.LML.018,10/8/2021,,281.00,10,2021,9,,,"MEA ,NSL",
SIC.LML.2021.029,LML,BEF.LML.018,10/8/2021,,281.00,10,2021,10,,,"MEA ,NSL",
SIC.LML.2021.030,LML,BEF.LML.019,10/8/2021,,281.00,10,2021,11,,,"MEA ,NSL",
SIC.LML.2021.031,LML,BEF.LML.019,10/8/2021,,281.00,10,2021,12,,,"MEA ,NSL",
SIC.LML.2021.032,LML,BEF.LML.020,10/8/2021,,281.00,10,2021,13,,,"MEA ,NSL",
SIC.LML.2021.033,LML,BEF.LML.020,10/8/2021,,281.00,10,2021,14,,,"MEA ,NSL",
SIC.LML.2021.034,LML,BEF.LML.021,10/8/2021,,281.00,10,2021,15,,,"MEA ,NSL",
SIC.LML.2021.035,LML,BEF.LML.021,10/8/2021,,281.00,10,2021,16,,,"MEA ,NSL",
SIC.LML.2021.036,LML,BEF.LML.022,10/8/2021,,281.00,10,2021,17,,,"MEA ,NSL",
SIC.LML.2021.037,LML,BEF.LML.022,10/8/2021,,281.00,10,2021,18,,,"MEA ,NSL",
SIC.LML.2021.038,LML,22N + 20N + 20N,10/8/2021,,281.00,10,2021,19,,,"MEA ,NSL",
SIC.LML.2021.039,LML,,10/28/2021,,301.00,10,2021,,,,,
SIC.LML.2021.040,LML,,10/28/2021,,301.00,10,2021,,,,,
SIC.LML.2021.041,LML,,11/9/2021,,313.00,11,2021,1,,0,,
SIC.LML.2022.001,LML,GLN.LML.002,5/3/2022,0.380555556,123.00,5,2022,1,,,"EAB, KJJ",
SIC.LML.2022.002,LML,GLN.LML.006,5/3/2022,0.397916667,123.00,5,2022,2,,,"EAB, KJJ",
SIC.LML.2022.003,LML,GLN.LML.022,5/3/2022,0.444444444,123.00,5,2022,3,,,"EAB, KJJ",
SIC.LML.2022.004,LML,GLN.LML.050,5/3/2022,0.5625,123.00,5,2022,4,,,"EAB, KJJ",
SIC.LML.2022.005,LML,BEF.LML.010,5/18/2022,0.036805556,138.00,5,2022,1,,,"EAB, KJJ",
SIC.LML.2022.006,LML,BEF.LML.012,5/18/2022,0.110416667,138.00,5,2022,2,,,"EAB, KJJ",
SIC.LML.2022.007,LML,BEF.LML.013,5/18/2022,0.123611111,138.00,5,2022,3,,,"EAB, KJJ",
SIC.LML.2022.008,LML,BEF.LML.014,5/18/2022,0.875694444,138.00,5,2022,4,,,"EAB, KJJ",
SIC.LML.2022.009,LML,BEF.LML.017,5/18/2022,0.907638889,138.00,5,2022,5,,,"EAB, KJJ",
SIC.LML.2022.010,LML,BEF.LML.018,5/18/2022,0.934722222,138.00,5,2022,6,,,"EAB, KJJ",
SIC.LML.2022.011,LML,BEF.LML.019,5/18/2022,0.951388889,138.00,5,2022,7,,,"EAB, KJJ",
SIC.LML.2022.012,LML,BEF.LML.032,5/18/2022,0.981944444,138.00,5,2022,8,,,"EAB, KJJ",
SIC.LML.2022.013,LML,BEF.LML.021,5/18/2022,0.990277778,138.00,5,2022,9,,,"EAB, KJJ",
SIC.LML.2022.014,LML,BEF.LML.023,5/19/2022,0.024305556,139.00,5,2022,1,,,"EAB, KJJ",
SIC.LML.2022.015,LML,,10/11/2022,,284.00,10,2022,1,,0,"EAB, KJJ",
SIC.LOP.2020.001,LOP,1,8/14/2020,0.416666667,227.00,8,2020,1,,,"MEA, NSL",
SIC.LOP.2020.002,LOP,1,8/15/2020,0.333333333,228.00,8,2020,2,,,"MEA, NSL",
SIC.LOP.2020.003,LOP,1,8/15/2020,0.5,228.00,8,2020,2,,,"MEA, NSL",
SIC.LOP.2020.004,LOP,1,8/15/2020,0.791666667,228.00,8,2020,3,,,"MEA, NSL",
SIC.LOP.2020.005,LOP,2,8/16/2020,0.333333333,229.00,8,2020,1,,,"MEA, NSL",
SIC.LOP.2020.006,LOP,1,8/16/2020,0.791666667,229.00,8,2020,1,,,"MEA, NSL",
SIC.LOP.2020.007,LOP,MWT.LOP.1A,8/20/2020,0.416666667,232.00,8,2020,1,,,"MEA, NSL",
SIC.LOP.2020.008,LOP,MWT.LOP.1A,8/21/2020,0.416666667,233.00,8,2020,1,,,"MEA, NSL",
SIC.LOP.2021.001,LOP,MWT.LOP.1A,6/20/2021,0.416666667,171.00,6,2021,1,,,"MEA, DW, MVM",
SIC.LOP.2021.002,LOP,MWT.LOP.1A,6/21/2021,,172.00,6,2021,1,,,"MEA, DW, MVM",
SIC.LOP.2021.003,LOP,MWT.LOP.1A,6/21/2021,0.465277778,172.00,6,2021,2,,,"MEA, DW, MVM",
SIC.LOP.2021.004,LOP,MWT.LOP.3A,8/20/2021,0.411805556,232.00,8,2021,1,,,"MEA, DW, MVM",
SIC.LOP.2021.005,LOP,MWT.LOP.3A,8/20/2021,0.4125,232.00,8,2021,2,,,"MEA, DW",
SIC.LOP.2021.006,LOP,MWT.LOP.3A,8/20/2021,0.413194444,232.00,8,2021,3,,,"MEA, DW",
SIC.LOP.2021.007,LOP,MWT.LOP.3B,8/20/2021,0.421527778,232.00,8,2021,4,,,"MEA, DW",
SIC.LOP.2021.008,LOP,MWT.LOP.3C,8/20/2021,0.471527778,232.00,8,2021,5,,,"MEA, DW",
SIC.LOP.2021.009,LOP,MWT.LOP.2B,8/20/2021,0.478472222,232.00,8,2021,6,,,"MEA, DW",
SIC.LOP.2021.010,LOP,MWT.LOP.2B,8/20/2021,0.478472222,232.00,8,2021,7,,,"MEA, DW",
SIC.LOP.2021.011,LOP,MWT.LOP.2A,8/20/2021,0.498611111,232.00,8,2021,8,,,"MEA, DW",
SIC.LOP.2021.012,LOP,MWT.LOP.2A,8/20/2021,0.498611111,232.00,8,2021,9,,,"MEA, DW",
SIC.LOP.2021.013,LOP,MWT.LOP.1C,8/20/2021,0.502777778,232.00,8,2021,10,,,"MEA, DW",
SIC.LOP.2021.014,LOP,MWT.LOP.1A,8/20/2021,0.520833333,232.00,8,2021,11,,,"MEA, DW",
SIC.LOP.2021.015,LOP,MWT.LOP.1B,8/20/2021,0.527777778,232.00,8,2021,12,,,"MEA, DW",
SIC.LOP.2021.016,LOP,MWT.LOP.1B,8/21/2021,0.395833333,233.00,8,2021,1,,,"MEA, DW",
SIC.LOP.2021.017,LOP,MWT.LOP.1B,8/21/2021,0.40625,233.00,8,2021,2,,,"MEA, DW",
SIC.LOP.2021.018,LOP,MWT.LOP.1B,8/21/2021,0.416666667,233.00,8,2021,3,,,"MEA, DW",
SIC.LOP.2021.019,LOP,MWT.LOP.1A,8/21/2021,0.441666667,233.00,8,2021,4,,,"MEA, DW",
SIC.LOP.2021.020,LOP,MWT.LOP.3B,8/21/2021,0.634722222,233.00,8,2021,5,,,"MEA, DW",
SIC.LOP.2021.021,LOP,MWT.LOP.3B,8/21/2021,0.634722222,233.00,8,2021,6,,,"MEA, DW",
SIC.LOP.2021.022,LOP,MWT.LOP.3A,8/21/2021,0.642361111,233.00,8,2021,7,,,"MEA, DW",
SIC.LOP.2021.023,LOP,MWT.LOP.3C,8/21/2021,0.66875,233.00,8,2021,8,,,"MEA, DW",
SIC.LOP.2021.024,LOP,MWT.LOP.2A,8/21/2021,0.669444444,233.00,8,2021,9,,,"MEA, DW",
SIC.LOP.2021.025,LOP,MWT.LOP.2A,8/21/2021,0.669444444,233.00,8,2021,10,,,"MEA, DW",
SIC.LOP.2021.026,LOP,MWT.LOP.2B,8/21/2021,0.690277778,233.00,8,2021,11,,,"MEA, DW",
SIC.LOP.2021.027,LOP,MWT.LOP.2A,8/21/2021,0.694444444,233.00,8,2021,12,,,"MEA, DW",
SIC.LOP.2021.028,LOP,MWT.LOP.2C,8/21/2021,0.697916667,233.00,8,2021,13,,,"MEA, DW",
SIC.LOP.2021.029,LOP,MWT.LOP.2C,8/21/2021,0.697916667,233.00,8,2021,14,,,"MEA, DW",
SIC.LOP.2021.030,LOP,MWT.LOP.1A,8/21/2021,0.697916667,233.00,8,2021,16,,,"MEA, DW",
SIC.LOP.2021.031,LOP,MWT.LOP.2B,8/21/2021,0.70625,233.00,8,2021,15,,,"MEA, DW",
SIC.LOP.2021.032,LOP,MWT.LOP.1A,8/21/2021,,233.00,8,2021,17,,,"MEA, DW",
SIC.LOP.2021.033,LOP,MWT.LOP.1B,8/22/2021,0.395833333,234.00,8,2021,1,,,"MEA, DW",
SIC.LOP.2021.034,LOP,MWT.LOP.2A,8/22/2021,0.400694444,234.00,8,2021,2,,,"MEA, DW",
SIC.LOP.2021.035,LOP,MWT.LOP.1C,8/22/2021,0.403472222,234.00,8,2021,3,,,"MEA, DW",
SIC.LOP.2021.036,LOP,MWT.LOP.2B,8/22/2021,0.405555556,234.00,8,2021,4,,,"MEA, DW",
SIC.LOP.2021.037,LOP,MWT.LOP.2C,8/22/2021,0.408333333,234.00,8,2021,5,,,"MEA, DW",
SIC.LOP.2021.038,LOP,MWT.LOP.1C,8/22/2021,0.425,234.00,8,2021,6,,,"MEA, DW",
SIC.LOP.2021.039,LOP,MWT.LOP.3C,8/22/2021,0.429861111,234.00,8,2021,7,,,"MEA, DW",
SIC.LOP.2021.040,LOP,MWT.LOP.1C,8/22/2021,0.468055556,234.00,8,2021,8,,,"MEA, DW",
SIC.LOP.2021.041,LOP,MWT.LOP.1B,8/22/2021,0.475694444,234.00,8,2021,9,,,"MEA, DW",
SIC.LOP.2021.042,LOP,MWT.LOP.1C,8/22/2021,0.496527778,234.00,8,2021,10,,,"MEA, DW",
SIC.LOP.2021.043,LOP,MWT.LOP.1B,8/22/2021,0.496527778,234.00,8,2021,11,,,"MEA, DW",
SIC.LSP.2009.001,LSP,,6/8/2009,0.4375,159.00,6,2009,1,18.2,,"DCJ,JAC","Added from ""SIC ALL WATERS 2.24.16"""
SIC.LSP.2009.002,LSP,,7/1/2009,0.4375,182.00,7,2009,1,21.6,,"DCJ,JAC","Added from ""SIC ALL WATERS 2.24.16"""
SIC.LSP.2009.003,LSP,,8/5/2009,0.46875,217.00,8,2009,1,22.9,,"KJJ,JAC","Added from ""SIC ALL WATERS 2.24.16"""
SIC.LSP.2009.004,LSP,,9/2/2009,0.458333333,245.00,9,2009,1,20.8,,"DCJ,JAC","Added from ""SIC ALL WATERS 2.24.16"""
SIC.LSP.2021.001,LSP,,7/26/2021,0.382638889,207.00,7,2021,1,,0,,
SIC.LSP.2021.002,LSP,,10/26/2021,,299.00,10,2021,,,,,
SIC.LSP.2021.003,LSP,,10/26/2021,,299.00,10,2021,,,,,
SIC.LSP.2021.004,LSP,,10/26/2021,,299.00,10,2021,,,,,
SIC.LSP.2021.005,LSP,,10/26/2021,,299.00,10,2021,,,,,
SIC.LSP.2021.006,LSP,,10/26/2021,,299.00,10,2021,,,,,
SIC.LSP.2021.007,LSP,,10/26/2021,,299.00,10,2021,,,,,
SIC.LSP.2021.008,LSP,,11/10/2021,,314.00,11,2021,1,,0,,
SIC.LSP.2022.001,LSP,GLN.LSP.014,6/23/2022,0.555555556,174.00,6,2022,1,,,"MEA, MPM",
SIC.LSP.2022.002,LSP,,9/29/2022,,272.00,9,2022,1,,3,SFJ,
SIC.MNP.2004.001,MNP,,8/18/2004,,231.00,8,2004,1,,,,"Added from ""SIC ALL WATERS 2.24.16"""
SIC.MNP.2021.001,MNP,,7/27/2021,0.375,208.00,7,2021,1,,0,,
SIC.MNP.2021.002,MNP,,10/6/2021,,279.00,10,2021,,,,,
SIC.MNP.2021.003,MNP,,10/13/2021,,286.00,10,2021,,,,,
SIC.MNP.2021.004,MNP,,10/13/2021,,286.00,10,2021,,,,,
SIC.MNP.2021.005,MNP,,10/13/2021,,286.00,10,2021,,,,,
SIC.MNP.2021.006,MNP,,11/9/2021,,313.00,11,2021,1,,0,,BROKEN VIAL
SIC.MNP.2022.001,MNP,,9/26/2022,,269.00,9,2022,1,,4,NA,
SIC.PEP.2004.001,PEP,,8/17/2004,,230.00,8,2004,1,,,,"Added from ""SIC ALL WATERS 2.24.16"""
SIC.PEP.2021.001,PEP,,8/14/2021,0.658333333,226.00,8,2021,1,,0,,
SIC.PEP.2021.002,PEP,,10/20/2021,,293.00,10,2021,,,,,
SIC.PEP.2021.003,PEP,,10/20/2021,,293.00,10,2021,,,,,
SIC.PEP.2021.004,PEP,,10/20/2021,,293.00,10,2021,,,,,
SIC.PEP.2021.005,PEP,,10/20/2021,,293.00,10,2021,,,,,
SIC.PEP.2021.006,PEP,,10/20/2021,,293.00,10,2021,,,,,
SIC.PEP.2022.001,PEP,,9/27/2022,,270.00,9,2022,1,,4,SFJ,
SIC.POL.2021.001,POL,,8/14/2021,0.547222222,226.00,8,2021,1,,0,,
SIC.POL.2021.002,POL,,11/3/2021,,307.00,11,2021,,,,,
SIC.POL.2021.003,POL,,11/3/2021,,307.00,11,2021,,,,,
SIC.POL.2022.001,POL,,11/9/2022,,313.00,11,2022,1,,0,ETD,
SIC.PRL.2003.001,PRL,,7/31/2003,,212.00,7,2003,1,,,,"Added from ""SIC ALL WATERS 2.24.16"""
SIC.PRL.2003.002,PRL,,8/14/2003,,226.00,8,2003,1,,,,"Added from ""SIC ALL WATERS 2.24.16"""
SIC.PRL.2004.001,PRL,,8/29/2004,,242.00,8,2004,1,,,,"Added from ""SIC ALL WATERS 2.24.16"""
SIC.PRL.2009.001,PRL,,6/8/2009,0.375,159.00,6,2009,1,16.7,,"DCJ,JAC","Added from ""SIC ALL WATERS 2.24.16"""
SIC.PRL.2009.002,PRL,,7/1/2009,0.375,182.00,7,2009,1,21,,"DCJ,JAC","Added from ""SIC ALL WATERS 2.24.16"""
SIC.PRL.2009.003,PRL,,8/5/2009,0.385416667,217.00,8,2009,1,22.3,,"KJJ,JAC","Added from ""SIC ALL WATERS 2.24.16"""
SIC.PRL.2009.004,PRL,,9/2/2009,0.375,245.00,9,2009,1,19.9,,"DCJ,JAC","Added from ""SIC ALL WATERS 2.24.16"""
SIC.PRL.2020.001,PRL,12,8/19/2020,0.333333333,232.00,8,2020,1,,,"MEA, NSL",
SIC.PRL.2020.002,PRL,12,8/19/2020,0.333333333,232.00,8,2020,2,,,"MEA, NSL",
SIC.PRL.2020.003,PRL,12,8/19/2020,0.333333333,232.00,8,2020,3,,,"MEA, NSL",
SIC.PRL.2020.004,PRL,WCS.PRL.001,8/20/2020,,232.00,8,2020,1,,,"MEA, NSL",
SIC.PRL.2020.005,PRL,12,8/25/2020,0.333333333,238.00,8,2020,1,,,"MEA, NSL",
SIC.PRL.2020.006,PRL,12,8/25/2020,0.333333333,238.00,8,2020,2,,,"MEA, NSL",
SIC.PRL.2020.007,PRL,11,8/25/2020,0.333333333,238.00,8,2020,3,,,"MEA, NSL",
SIC.PRL.2020.008,PRL,12,8/25/2020,0.333333333,238.00,8,2020,4,,,"MEA, NSL",
SIC.PRL.2020.009,PRL,12,8/26/2020,0.333333333,239.00,8,2020,4,,,"MEA, NSL",
SIC.PRL.2020.010,PRL,12,8/27/2020,0.333333333,240.00,8,2020,3,,,"MEA, NSL",
SIC.PRL.2020.011,PRL,12,8/27/2020,0.333333333,240.00,8,2020,4,,,"MEA, NSL",
SIC.PRL.2020.012,PRL,7,8/27/2020,0.354166667,240.00,8,2020,5,,,"MEA, NSL",
SIC.PRL.2020.013,PRL,7,8/27/2020,0.381944444,240.00,8,2020,6,,,"MEA, NSL",
SIC.PRL.2020.014,PRL,7,8/27/2020,0.701388889,240.00,8,2020,1,,,"MEA, NSL",
SIC.PRL.2020.015,PRL,7,8/27/2020,0.729166667,240.00,8,2020,2,,,"MEA, NSL",
SIC.PRL.2020.016,PRL,7,8/27/2020,0.756944444,240.00,8,2020,3,,,"MEA, NSL",
SIC.PRL.2020.017,PRL,12,8/28/2020,0.333333333,241.00,8,2020,4,,,"MEA, NSL",
SIC.PRL.2020.018,PRL,7,8/28/2020,0.729166667,241.00,8,2020,1,,,"MEA, NSL",
SIC.PRL.2020.019,PRL,7,8/28/2020,0.756944444,241.00,8,2020,2,,,"MEA, NSL",
SIC.PRL.2020.020,PRL,7,8/29/2020,0.618055556,242.00,8,2020,1,,,"MEA, NSL",
SIC.PRL.2020.021,PRL,7,8/29/2020,0.645833333,242.00,8,2020,2,,,"MEA, NSL",
SIC.PRL.2020.022,PRL,7,8/29/2020,0.666666667,242.00,8,2020,3,,,"MEA, NSL",
SIC.PRL.2021.001,PRL,MWT.PRL.1B,6/10/2021,,161.00,6,2021,1,,,"MEA, NSL",
SIC.PRL.2021.002,PRL,WCS.PRL.001,6/20/2021,,171.00,6,2021,1,,,"MEA ,DW, MVM",
SIC.PRL.2021.003,PRL,MWT.PRL.3B,6/23/2021,0.365277778,174.00,6,2021,3,,,"MEA ,DW, MVM",
SIC.PRL.2021.004,PRL,MWT.PRL.3B,6/23/2021,0.369444444,174.00,6,2021,4,,,"MEA ,DW, MVM",
SIC.PRL.2021.005,PRL,MWT.PRL.3B,6/23/2021,0.388194444,174.00,6,2021,5,,,"MEA ,DW, MVM",
SIC.PRL.2021.006,PRL,MWT.PRL.2B,6/23/2021,0.509027778,174.00,6,2021,1,,,"MEA ,DW, MVM",
SIC.PRL.2021.007,PRL,MWT.PRL.2B,6/23/2021,0.545833333,174.00,6,2021,2,,,"MEA ,DW, MVM",
SIC.PRL.2021.008,PRL,MWT.PRL.1B,6/30/2021,0.545138889,181.00,6,2021,1,,,"MEA ,DW, MVM",
SIC.PRL.2021.009,PRL,MWT.PRL.3B,7/1/2021,0.568055556,182.00,7,2021,1,,,"MEA ,DW, MVM",
SIC.PRL.2021.010,PRL,MWT.PRL.3B,7/1/2021,0.568055556,182.00,7,2021,3,,,"MEA ,DW, MVM",
SIC.PRL.2021.011,PRL,MWT.PRL.3B,7/1/2021,0.568055556,182.00,7,2021,2,,,"MEA ,DW, MVM",
SIC.PRL.2021.012,PRL,,7/27/2021,0.397916667,208.00,7,2021,1,,0,,
SIC.PRL.2021.013,PRL,MWT.PRL.1B,8/10/2021,,222.00,8,2021,1,,,"MEA ,NSL",
SIC.PRL.2021.014,PRL,MWT.PRL.1B,8/10/2021,,222.00,8,2021,2,,,"MEA ,NSL",
SIC.PRL.2021.015,PRL,MWT.PRL.3B,8/10/2021,,222.00,8,2021,3,,,"MEA ,NSL",
SIC.PRL.2021.016,PRL,MWT.PRL.2B,8/10/2021,,222.00,8,2021,4,,,"MEA ,NSL",
SIC.PRL.2021.017,PRL,MWT.PRL.2B,8/10/2021,0.379166667,222.00,8,2021,5,,,"MEA, DW",
SIC.PRL.2021.018,PRL,MWT.PRL.3A,8/10/2021,0.397916667,222.00,8,2021,6,,,"MEA, DW",
SIC.PRL.2021.019,PRL,,8/11/2021,0.489583333,223.00,8,2021,1,,,"MEA, DW",
SIC.PRL.2021.020,PRL,MWT.PRL.3B,8/11/2021,0.425,223.00,8,2021,2,,,"MEA, DW",
SIC.PRL.2021.021,PRL,MWT.PRL.1A,8/11/2021,0.506944444,223.00,8,2021,3,,,"MEA, DW",
SIC.PRL.2021.022,PRL,MWT.PRL.1B,8/11/2021,0.513888889,223.00,8,2021,4,,,"MEA, DW",
SIC.PRL.2021.023,PRL,MWT.PRL.1A,8/12/2021,0.715277778,224.00,8,2021,1,,,"MEA, DW",
SIC.PRL.2021.024,PRL,WCS.PRL.001,8/20/2021,,232.00,8,2021,1,,,"MEA, DW",
SIC.PRL.2021.025,PRL,TPN.PRL.002,10/8/2021,0.411111111,281.00,10,2021,1,,,"EAB, KJJ",
SIC.PRL.2021.026,PRL,TPN.PRL.001,10/8/2021,0.439583333,281.00,10,2021,2,,,"EAB, KJJ",
SIC.PRL.2021.027,PRL,,10/8/2021,,281.00,10,2021,,,,,
SIC.PRL.2021.028,PRL,,10/8/2021,,281.00,10,2021,,,,,
SIC.PRL.2021.029,PRL,,10/8/2021,,281.00,10,2021,,,,,
SIC.PRL.2021.030,PRL,MWT.PRL.3B,10/10/2021,0.708333333,283.00,10,2021,1,,,"MEA, NSL",
SIC.PRL.2021.031,PRL,MWT.PRL.3B,10/10/2021,0.708333333,283.00,10,2021,2,,,"MEA, NSL",
SIC.PRL.2021.032,PRL,,11/5/2021,,309.00,11,2021,,,,,
SIC.PRL.2021.033,PRL,,11/9/2021,,313.00,11,2021,1,,0,,
SIC.PRL.2022.001,PRL,,9/27/2022,,270.00,9,2022,1,,5,SFJ,
SIC.RKL.2001.001,RKL,,7/25/2001,,206.00,7,2001,1,,,,"Added from ""SIC ALL WATERS 2.24.16"""
SIC.RKL.2003.001,RKL,,7/24/2003,,205.00,7,2003,1,,,,"Added from ""SIC ALL WATERS 2.24.16"""
SIC.RKL.2003.002,RKL,,8/11/2003,,223.00,8,2003,1,,,,"Added from ""SIC ALL WATERS 2.24.16"""
SIC.RKL.2003.003,RKL,,8/26/2003,,238.00,8,2003,1,,,,"Added from ""SIC ALL WATERS 2.24.16"""
SIC.RKL.2005.001,RKL,,7/11/2005,0.482638889,192.00,7,2005,1,23.6,,"DCJ,MAC","Added from ""SIC ALL WATERS 2.24.16"""
SIC.RKL.2009.001,RKL,,6/9/2009,0.5,160.00,6,2009,1,17.3,,"DCJ,JAC","Added from ""SIC ALL WATERS 2.24.16"""
SIC.RKL.2009.002,RKL,,6/24/2009,0.541666667,175.00,6,2009,1,22,,DCJ,"Added from ""SIC ALL WATERS 2.24.16"""
SIC.RKL.2009.003,RKL,,9/3/2009,0.5,246.00,9,2009,1,20.7,,"DCJ,JAC","Added from ""SIC ALL WATERS 2.24.16"""
SIC.RKL.2021.001,RKL,,8/8/2021,0.522916667,220.00,8,2021,1,,0,,
SIC.RKL.2021.002,RKL,,10/14/2021,,287.00,10,2021,,,,,
SIC.RKL.2021.003,RKL,,10/14/2021,,287.00,10,2021,,,,,
SIC.RKL.2021.004,RKL,,10/14/2021,,287.00,10,2021,,,,,
SIC.RKL.2021.005,RKL,,10/14/2021,,287.00,10,2021,,,,,
SIC.RKL.2021.006,RKL,,10/14/2021,,287.00,10,2021,,,,,
SIC.RKL.2021.007,RKL,,10/14/2021,,287.00,10,2021,,,,,
SIC.RKL.2022.001,RKL,,10/13/2022,,286.00,10,2022,1,,0,KJJ,
SIC.RKP.2021.001,RKP,,7/26/2021,0.456944444,207.00,7,2021,1,,0,,
SIC.RKP.2021.002,RKP,,11/1/2021,,305.00,11,2021,,,,,
SIC.RKP.2021.003,RKP,,11/1/2021,,305.00,11,2021,,,,,
SIC.RKP.2021.004,RKP,,11/1/2021,,305.00,11,2021,,,,,
SIC.RKP.2021.005,RKP,,11/1/2021,,305.00,11,2021,,,,,
SIC.RKP.2021.006,RKP,,11/9/2021,,313.00,11,2021,,,,,
SIC.RKP.2021.007,RKP,,11/9/2021,,313.00,11,2021,,,,,
SIC.RKP.2022.001,RKP,,9/29/2022,,272.00,9,2022,1,,6,NA,
SIC.SBL.2002.001,SBL,,7/11/2002,,192.00,7,2002,1,,,,"Added from ""SIC ALL WATERS 2.24.16"""
SIC.SBL.2002.002,SBL,,7/12/2002,,193.00,7,2002,1,,,,"Added from ""SIC ALL WATERS 2.24.16"""
SIC.SBL.2003.001,SBL,,5/13/2003,,133.00,5,2003,1,,,,"Added from ""SIC ALL WATERS 2.24.16"""
SIC.SBL.2003.002,SBL,,6/4/2003,,155.00,6,2003,1,,,,"Added from ""SIC ALL WATERS 2.24.16"""
SIC.SBL.2003.003,SBL,,7/6/2003,,187.00,7,2003,1,,,,"Added from ""SIC ALL WATERS 2.24.16"""
SIC.SBL.2003.004,SBL,,8/6/2003,,218.00,8,2003,1,,,,"Added from ""SIC ALL WATERS 2.24.16"""
SIC.SBL.2003.005,SBL,,8/6/2003,,218.00,8,2003,2,,,,"Added from ""SIC ALL WATERS 2.24.16"""
SIC.SBL.2003.006,SBL,,8/6/2003,,218.00,8,2003,3,,,,"Added from ""SIC ALL WATERS 2.24.16"""
SIC.SBL.2003.007,SBL,,8/18/2003,,230.00,8,2003,1,,,,"Added from ""SIC ALL WATERS 2.24.16"""
SIC.SBL.2004.001,SBL,,7/13/2004,,195.00,7,2004,1,,,,"Added from ""SIC ALL WATERS 2.24.16"""
SIC.SBL.2004.002,SBL,,8/3/2004,,216.00,8,2004,1,,,,"Added from ""SIC ALL WATERS 2.24.16"""
SIC.SBL.2004.003,SBL,,8/12/2004,,225.00,8,2004,1,,,,"Added from ""SIC ALL WATERS 2.24.16"""
SIC.SBL.2004.004,SBL,,9/2/2004,,246.00,9,2004,1,,,,"Added from ""SIC ALL WATERS 2.24.16"""
SIC.SBL.2005.001,SBL,,6/23/2005,0.541666667,174.00,6,2005,1,20,,"TJT,AJD","Added from ""SIC ALL WATERS 2.24.16"""
SIC.SBL.2005.002,SBL,,7/12/2005,0.416666667,193.00,7,2005,1,24,,"JMR,AJD","Added from ""SIC ALL WATERS 2.24.16"""
SIC.SBL.2005.003,SBL,,7/25/2005,,206.00,7,2005,1,25,,"JMR,MAC","Added from ""SIC ALL WATERS 2.24.16"""
SIC.SBL.2005.004,SBL,,8/9/2005,0.375,221.00,8,2005,1,25.7,,"JMR,MAC","Added from ""SIC ALL WATERS 2.24.16"""
SIC.SBL.2005.005,SBL,,8/29/2005,0.543055556,241.00,8,2005,1,22,,"TJT,MAC","Added from ""SIC ALL WATERS 2.24.16"""
SIC.SBL.2006.001,SBL,1,6/8/2006,0.517361111,159.00,6,2006,1,15.5,,"EVC, EBR","Added from ""SIC ALL WATERS 2.24.16"""
SIC.SBL.2006.002,SBL,1,6/27/2006,0.604166667,178.00,6,2006,1,20.5,,"EVC,CEK","Added from ""SIC ALL WATERS 2.24.16"""
SIC.SBL.2006.003,SBL,1,7/6/2006,0.458333333,187.00,7,2006,1,19,,"EVC,EBR","Added from ""SIC ALL WATERS 2.24.16"""
SIC.SBL.2006.004,SBL,1,7/21/2006,0.538194444,202.00,7,2006,1,24,,"EVC,EBR","Added from ""SIC ALL WATERS 2.24.16"""
SIC.SBL.2006.005,SBL,1,8/17/2006,0.611111111,229.00,8,2006,1,,,"EVC, BAV","Added from ""SIC ALL WATERS 2.24.16"""
SIC.SBL.2006.UNK,SBL,,,,,,2006,,,,,Added from 'JML ISOTOPE DATA'
SIC.SBL.2009.001,SBL,,6/30/2009,0.5,181.00,6,2009,1,22,,"DCJ,JAC","Added from ""SIC ALL WATERS 2.24.16"""
SIC.SBL.2009.002,SBL,,8/4/2009,0.534722222,216.00,8,2009,1,22.5,,"KJJ,JAC","Added from ""SIC ALL WATERS 2.24.16"""
SIC.SBL.2021.001,SBL,,7/26/2021,0.409722222,207.00,7,2021,1,,0,,
SIC.SDL.2006.001,SDL,1,6/10/2006,0.604166667,161.00,6,2006,1,15,,"EVC, EBR","Added from ""SIC ALL WATERS 2.24.16"""
SIC.SDL.2006.002,SDL,1,6/27/2006,0.479166667,178.00,6,2006,1,20.5,,"EVC,CEK","Added from ""SIC ALL WATERS 2.24.16"""
SIC.SDL.2006.003,SDL,1,7/10/2006,0.541666667,181.00,7,2006,1,23,,"EVC,JMR,BAV","Added from ""SIC ALL WATERS 2.24.16"""
SIC.SDL.2006.004,SDL,1,7/21/2006,0.430555556,202.00,7,2006,1,24.5,,"EVC,EBR","Added from ""SIC ALL WATERS 2.24.16"""
SIC.SDL.2006.005,SDL,1,8/17/2006,0.493055556,229.00,8,2006,1,,,"EVC, BAV","Added from ""SIC ALL WATERS 2.24.16"""
SIC.SDL.2006.UNK,SDL,,,,,,2006,,,,,Added from 'JML ISOTOPE DATA'
SIC.SDL.2021.001,SDL,,7/27/2021,0.479861111,208.00,7,2021,1,,0,,
SIC.TBL.2003.001,TBL,,5/15/2003,,135.00,5,2003,1,,,,"Added from ""SIC ALL WATERS 2.24.16"""
SIC.TBL.2003.002,TBL,,5/16/2003,,136.00,5,2003,1,,,,"Added from ""SIC ALL WATERS 2.24.16"""
SIC.TBL.2003.003,TBL,,6/4/2003,,155.00,6,2003,1,,,,"Added from ""SIC ALL WATERS 2.24.16"""
SIC.TBL.2003.004,TBL,,7/6/2003,,187.00,7,2003,1,,,,"Added from ""SIC ALL WATERS 2.24.16"""
SIC.TBL.2003.005,TBL,,8/6/2003,,218.00,8,2003,1,,,,"Added from ""SIC ALL WATERS 2.24.16"""
SIC.TBL.2003.006,TBL,20,8/7/2003,,219.00,8,2003,1,,,,"Added from ""SIC ALL WATERS 2.24.16"""
SIC.TBL.2003.007,TBL,,8/18/2003,,230.00,8,2003,1,,,,"Added from ""SIC ALL WATERS 2.24.16"""
SIC.TBL.2004.001,TBL,,7/13/2004,,195.00,7,2004,1,,,,"Added from ""SIC ALL WATERS 2.24.16"""
SIC.TBL.2004.002,TBL,,8/3/2004,,216.00,8,2004,1,,,,"Added from ""SIC ALL WATERS 2.24.16"""
SIC.TBL.2004.003,TBL,,9/2/2004,,246.00,9,2004,1,,,,"Added from ""SIC ALL WATERS 2.24.16"""
SIC.TBL.2005.001,TBL,,6/23/2005,0.510416667,174.00,6,2005,1,21,,"TJT,AJD","Added from ""SIC ALL WATERS 2.24.16"""
SIC.TBL.2005.002,TBL,,7/12/2005,0.513888889,193.00,7,2005,1,24,,"JMR,AJD","Added from ""SIC ALL WATERS 2.24.16"""
SIC.TBL.2005.003,TBL,,7/25/2005,,206.00,7,2005,1,25,,"JMR,MAC","Added from ""SIC ALL WATERS 2.24.16"""
SIC.TBL.2005.004,TBL,,8/9/2005,0.395833333,221.00,8,2005,1,24.9,,"JMR,MAC","Added from ""SIC ALL WATERS 2.24.16"""
SIC.TBL.2005.005,TBL,,8/29/2005,0.614583333,241.00,8,2005,1,22,,"TJT,MAC","Added from ""SIC ALL WATERS 2.24.16"""
SIC.TBL.2006.001,TBL,1,6/8/2006,0.465277778,159.00,6,2006,1,15.5,,"EVC, EBR","Added from ""SIC ALL WATERS 2.24.16"""
SIC.TBL.2006.002,TBL,1,6/27/2006,0.541666667,178.00,6,2006,1,20.5,,"EVC,CEK","Added from ""SIC ALL WATERS 2.24.16"""
SIC.TBL.2006.003,TBL,1,7/6/2006,0.5,187.00,7,2006,1,20,,"EVC,EBR","Added from ""SIC ALL WATERS 2.24.16"""
SIC.TBL.2006.004,TBL,1,7/21/2006,0.489583333,202.00,7,2006,1,24,,"EVC,EBR","Added from ""SIC ALL WATERS 2.24.16"""
SIC.TBL.2006.005,TBL,1,8/17/2006,0.635416667,229.00,8,2006,1,,,"EVC, BAV","Added from ""SIC ALL WATERS 2.24.16"""
SIC.TBL.2006.UNK,TBL,,,,,,2006,,,,,Added from 'JML ISOTOPE DATA'
SIC.TPP.2020.001,TPP,1,8/8/2020,0.333333333,221.00,8,2020,6,,,"MEA, NSL",
SIC.TPP.2020.002,TPP,1,8/9/2020,0.560416667,222.00,8,2020,1,,,"MEA, NSL",
SIC.TPP.2020.003,TPP,1,8/9/2020,0.560416667,222.00,8,2020,2,,,"MEA, NSL",
SIC.TPP.2020.004,TPP,1,8/9/2020,0.560416667,222.00,8,2020,3,,,"MEA, NSL",
SIC.TPP.2020.005,TPP,1,8/9/2020,0.6875,222.00,8,2020,4,,,"MEA, NSL",
SIC.TPP.2020.006,TPP,1,8/9/2020,0.770833333,222.00,8,2020,5,,,"MEA, NSL",
SIC.TPP.2020.007,TPP,2,8/10/2020,0.333333333,223.00,8,2020,3,,,"MEA, NSL",
SIC.TPP.2020.008,TPP,2,8/10/2020,0.333333333,223.00,8,2020,4,,,"MEA, NSL",
SIC.TPP.2020.009,TPP,2,8/10/2020,0.333333333,223.00,8,2020,5,,,"MEA, NSL",
SIC.TPP.2020.010,TPP,1,8/10/2020,0.541666667,223.00,8,2020,1,,,"MEA, NSL",
SIC.TPP.2020.011,TPP,2,8/10/2020,0.541666667,223.00,8,2020,2,,,"MEA, NSL",
SIC.TPP.2020.012,TPP,2,8/11/2020,0.5,224.00,8,2020,1,,,"MEA, NSL",
SIC.TPP.2020.013,TPP,1,8/11/2020,0.541666667,224.00,8,2020,1,,,"MEA, NSL",
SIC.TPP.2020.014,TPP,2,8/11/2020,0.708333333,224.00,8,2020,2,,,"MEA, NSL",
SIC.TPP.2020.015,TPP,1,8/14/2020,0.416666667,227.00,8,2020,1,,,"MEA, NSL",
SIC.TPP.2020.016,TPP,2,8/14/2020,0.416666667,227.00,8,2020,2,,,"MEA, NSL",
SIC.TPP.2020.017,TPP,1,8/14/2020,0.791666667,227.00,8,2020,2,,,"MEA, NSL",
SIC.TPP.2020.018,TPP,1,8/14/2020,0.8125,227.00,8,2020,3,,,"MEA, NSL",
SIC.TPP.2020.019,TPP,1,8/15/2020,0.708333333,228.00,8,2020,1,,,"MEA, NSL",
SIC.TPP.2020.020,TPP,1,8/16/2020,0.583333333,229.00,8,2020,1,,,"MEA, NSL",
SIC.TPP.2020.021,TPP,WCS.TPP.001,8/20/2020,,232.00,8,2020,1,,,"MEA, NSL",
SIC.TPP.2021.001,TPP,MWT.TPP.1A,6/1/2021,,152.00,6,2021,1,,,"MEA, DW, MVM",
SIC.TPP.2021.002,TPP,MWT.TPP.3B,6/1/2021,,152.00,6,2021,2,,,"MEA, DW, MVM",
SIC.TPP.2021.003,TPP,MWT.TPP.3B,6/20/2021,,171.00,6,2021,1,,,"MEA, DW, MVM",
SIC.TPP.2021.004,TPP,MWT.TPP.3B,6/26/2021,0.404166667,177.00,6,2021,1,,,"MEA, DW, MVM",
SIC.TPP.2021.005,TPP,MWT.TPP.3B,6/26/2021,0.64375,177.00,6,2021,2,,,"MEA, DW, MVM",
SIC.TPP.2021.006,TPP,MWT.TPP.3B,6/26/2021,0.649305556,177.00,6,2021,3,,,"MEA, DW, MVM",
SIC.TPP.2021.007,TPP,MWT.TPP.3B,6/26/2021,0.721527778,177.00,6,2021,4,,,"MEA, DW, MVM",
SIC.TPP.2021.008,TPP,MWT.TPP.3B,6/26/2021,0.754861111,177.00,6,2021,5,,,"MEA, DW, MVM",
SIC.TPP.2021.009,TPP,MWT.TPP.2B,6/27/2021,0.427083333,178.00,6,2021,1,,,"MEA, DW, MVM",
SIC.TPP.2021.010,TPP,MWT.TPP.1A,6/28/2021,0.381944444,179.00,6,2021,1,,,"MEA, DW, MVM",
SIC.TPP.2021.011,TPP,MWT.TPP.1A,6/28/2021,0.391666667,179.00,6,2021,2,,,"MEA, DW, MVM",
SIC.TPP.2021.012,TPP,MWT.TPP.1A,6/28/2021,0.391666667,179.00,6,2021,3,,,"MEA, DW, MVM",
SIC.TPP.2021.013,TPP,MWT.TPP.1A,8/19/2021,,231.00,8,2021,1,,,"MEA, DW",
SIC.TPP.2021.014,TPP,MWT.TPP.2B,8/19/2021,,231.00,8,2021,2,,,"MEA, DW",
SIC.TPP.2021.015,TPP,MWT.TPP.3B,8/19/2021,,231.00,8,2021,3,,,"MEA, DW",
SIC.TPP.2021.016,TPP,MWT.TPP.3B,8/20/2021,0.628472222,232.00,8,2021,1,,,"MEA, DW",
SIC.TPP.2021.017,TPP,MWT.TPP.3C,8/20/2021,0.633333333,232.00,8,2021,2,,,"MEA, DW",
SIC.TPP.2021.018,TPP,MWT.TPP.2C,8/20/2021,0.645833333,232.00,8,2021,3,,,"MEA, DW",
SIC.TPP.2021.019,TPP,MWT.TPP.2B,8/20/2021,0.649305556,232.00,8,2021,4,,,"MEA, DW",
SIC.TPP.2021.020,TPP,MWT.TPP.2B,8/20/2021,0.649305556,232.00,8,2021,5,,,"MEA, DW",
SIC.TPP.2021.021,TPP,MWT.TPP.2A,8/20/2021,0.653472222,232.00,8,2021,6,,,"MEA, DW",
SIC.TPP.2021.022,TPP,MWT.TPP.1A,8/20/2021,0.675694444,232.00,8,2021,7,,,"MEA, DW",
SIC.TPP.2021.023,TPP,MWT.TPP.1A,8/20/2021,0.675694444,232.00,8,2021,8,,,"MEA, DW",
SIC.TPP.2021.024,TPP,MWT.TPP.1A,8/20/2021,0.675694444,232.00,8,2021,9,,,"MEA, DW",
SIC.TPP.2021.025,TPP,MWT.TPP.1B,8/20/2021,0.691666667,232.00,8,2021,10,,,"MEA, DW",
SIC.TPP.2021.026,TPP,MWT.TPP.1B,8/20/2021,0.691666667,232.00,8,2021,11,,,"MEA, DW",
SIC.TPP.2021.027,TPP,MWT.TPP.1B,8/20/2021,0.691666667,232.00,8,2021,12,,,"MEA, DW",
SIC.TPP.2021.028,TPP,MWT.TPP.1C,8/20/2021,0.703472222,232.00,8,2021,13,,,"MEA, DW",
SIC.TPP.2021.029,TPP,MWT.TPP.1B,8/21/2021,0.390972222,233.00,8,2021,1,,,"MEA, DW",
SIC.TPP.2021.030,TPP,MWT.TPP.1B,8/21/2021,0.390972222,233.00,8,2021,2,,,"MEA, DW",
SIC.TPP.2021.031,TPP,MWT.TPP.3B,8/21/2021,0.444444444,233.00,8,2021,3,,,"MEA, DW",
SIC.TPP.2021.032,TPP,MWT.TPP.3B,8/21/2021,0.444444444,233.00,8,2021,4,,,"MEA, DW",
SIC.TPP.2021.033,TPP,MWT.TPP.3C,8/21/2021,0.449305556,233.00,8,2021,5,,,"MEA, DW",
SIC.TPP.2021.034,TPP,MWT.TPP.2C,8/21/2021,0.474305556,233.00,8,2021,6,,,"MEA, DW",
SIC.TPP.2021.035,TPP,MWT.TPP.2B,8/21/2021,0.479166667,233.00,8,2021,7,,,"MEA, DW",
SIC.TPP.2021.036,TPP,MWT.TPP.2B,8/21/2021,0.479166667,233.00,8,2021,8,,,"MEA, DW",
SIC.TPP.2021.037,TPP,MWT.TPP.2A,8/21/2021,0.485416667,233.00,8,2021,9,,,"MEA, DW",
SIC.TPP.2021.038,TPP,MWT.TPP.4C,8/21/2021,0.520833333,233.00,8,2021,10,,,"MEA, DW",
SIC.TPP.2021.039,TPP,MWT.TPP.1A,8/22/2021,0.575,234.00,8,2021,1,,,"MEA, DW",
SIC.TPP.2021.040,TPP,MWT.TPP.1A,8/22/2021,0.575,234.00,8,2021,2,,,"MEA, DW",
SIC.TPP.2021.041,TPP,MWT.TPP.1B,8/22/2021,0.578472222,234.00,8,2021,3,,,"MEA, DW",
SIC.TPP.2021.042,TPP,MWT.TPP.1A,8/22/2021,0.595138889,234.00,8,2021,4,,,"MEA, DW",
SIC.TPP.2021.043,TPP,MWT.TPP.4A,8/22/2021,0.606944444,234.00,8,2021,5,,,"MEA, DW",
SIC.TPP.2021.044,TPP,MWT.TPP.1C,8/22/2021,0.610416667,234.00,8,2021,6,,,"MEA, DW",
SIC.TPP.2021.045,TPP,MWT.TPP.4C,8/22/2021,0.611805556,234.00,8,2021,7,,,"MEA, DW",
SIC.TPP.2021.046,TPP,MWT.TPP.1B,8/22/2021,0.620833333,234.00,8,2021,8,,,"MEA, DW",
SIC.TPP.2021.047,TPP,MWT.TPP.3B,8/22/2021,0.622222222,234.00,8,2021,9,,,"MEA, DW",
SIC.TPP.2021.048,TPP,MWT.TPP.3C,8/22/2021,0.624305556,234.00,8,2021,10,,,"MEA, DW",
SIC.TPP.2021.049,TPP,MWT.TPP.1A,8/22/2021,0.626388889,234.00,8,2021,11,,,"MEA, DW",
SIC.TPP.2021.050,TPP,MWT.TPP.1C,8/22/2021,0.652083333,234.00,8,2021,12,,,"MEA, DW",
SIC.TPP.2021.051,TPP,MWT.TPP.1B,8/22/2021,0.652777778,234.00,8,2021,13,,,"MEA, DW",
SIC.TPP.2021.052,TPP,MWT.TPP.2B,8/22/2021,0.654166667,234.00,8,2021,14,,,"MEA, DW",
SIC.TPP.2021.053,TPP,MWT.TPP.2A,8/22/2021,0.661111111,234.00,8,2021,15,,,"MEA, DW",
SIC.TPP.2021.054,TPP,MWT.TPP.1C,8/22/2021,0.663888889,234.00,8,2021,16,,,"MEA, DW",
SIC.TPP.2021.055,TPP,MWT.TPP.1A,8/22/2021,0.670138889,234.00,8,2021,17,,,"MEA, DW",
SIC.TPP.2021.056,TPP,MWT.TPP.1A,8/22/2021,0.673611111,234.00,8,2021,18,,,"MEA, DW",
SIC.TRP.2021.001,TRP,,8/15/2021,0.494444444,227.00,8,2021,1,,0,,
SIC.TRP.2021.002,TRP,,10/13/2021,,286.00,10,2021,,,,,
SIC.TRP.2021.003,TRP,,10/13/2021,,286.00,10,2021,,,,,
SIC.TRP.2021.004,TRP,,10/13/2021,,286.00,10,2021,,,,,
SIC.TRP.2021.005,TRP,,10/13/2021,,286.00,10,2021,,,,,
SIC.TRP.2021.006,TRP,,10/13/2021,,286.00,10,2021,,,,,
SIC.TRP.2022.001,TRP,,9/30/2022,,273.00,9,2022,1,,5,SFJ,
SIC.USP.2021.001,USP,,7/26/2021,0.427083333,207.00,7,2021,1,,0,,
SIC.USP.2022.001,USP,GLN.USP.006,6/23/2022,0.485416667,174.00,6,2022,1,,,"MEA, MPM",
SIC.WFL.2021.001,WFL,MWT.WFL.1A,9/10/2021,0.395833333,253.00,9,2021,1,,,MEA,
SIC.WFL.2021.002,WFL,MWT.WFL.1C,9/10/2021,0.427083333,253.00,9,2021,2,,,MEA,
SIC.WFL.2021.003,WFL,MWT.WFL.2A,9/10/2021,0.441666667,253.00,9,2021,3,,,MEA,
SIC.WFL.2021.004,WFL,MWT.WFL.2A,9/10/2021,0.441666667,253.00,9,2021,4,,,MEA,
SIC.WFL.2021.005,WFL,MWT.WFL.2B,9/10/2021,0.459027778,253.00,9,2021,5,,,MEA,
SIC.WFL.2021.006,WFL,MWT.WFL.2C,9/10/2021,0.472222222,253.00,9,2021,6,,,MEA,
SIC.WFL.2021.007,WFL,MWT.WFL.2E,9/10/2021,0.493055556,253.00,9,2021,7,,,MEA,
SIC.WFL.2021.008,WFL,MWT.WFL.3A,9/10/2021,0.520833333,253.00,9,2021,8,,,MEA,
SIC.WFL.2021.009,WFL,MWT.WFL.3B,9/10/2021,0.527777778,253.00,9,2021,9,,,MEA,
SIC.WFL.2021.010,WFL,MWT.WFL.3C,9/10/2021,0.541666667,253.00,9,2021,10,,,MEA,
SIC.WFL.2021.011,WFL,MWT.WFL.2S,9/10/2021,0.611111111,253.00,9,2021,11,,,MEA,
SIC.WFL.2021.012,WFL,MWT.WFL.1A,9/11/2021,0.447916667,254.00,9,2021,1,,,MEA,
SIC.WFL.2021.013,WFL,MWT.WFL.2A,9/11/2021,0.486805556,254.00,9,2021,2,,,MEA,
SIC.WFL.2021.014,WFL,MWT.WFL.3A,9/11/2021,0.535416667,254.00,9,2021,3,,,MEA,
SIC.WFL.2021.015,WFL,MWT.WFL.3A,9/11/2021,0.535416667,254.00,9,2021,4,,,MEA,
SIC.WFL.2021.016,WFL,MWT.WFL.3A,9/11/2021,0.535416667,254.00,9,2021,5,,,MEA,
SIC.WFL.2021.017,WFL,MWT.WFL.3C,9/11/2021,0.5625,254.00,9,2021,6,,,MEA,
SIC.WFL.2021.018,WFL,MWT.WFL.3B,9/12/2021,0.416666667,255.00,9,2021,1,,,MEA,
SIC.WFL.2021.019,WFL,MWT.WFL.3B,9/12/2021,0.416666667,255.00,9,2021,2,,,MEA,
SIC.WFL.2021.020,WFL,MWT.WFL.3A,9/12/2021,0.43125,255.00,9,2021,3,,,MEA,
SIC.WFL.2021.021,WFL,MWT.WFL.1A,9/12/2021,0.506944444,255.00,9,2021,4,,,MEA,
SIC.WFL.2021.022,WFL,MWT.WFL.1A,9/12/2021,0.506944444,255.00,9,2021,5,,,MEA,
SIC.WFL.2021.023,WFL,MWT.WFL.1B,9/15/2021,,258.00,9,2021,1,,,MEA,
SIC.WFL.2021.024,WFL,MWT.WFL.2B,9/15/2021,,258.00,9,2021,2,,,MEA,
SIC.WFL.2021.025,WFL,MWT.WFL.3B,9/15/2021,,258.00,9,2021,3,,,MEA,
SIC.WFL.2021.026,WFL,WCS.WFL.001,9/21/2021,0.458333333,264.00,9,2021,1,,,MEA,
SIC.WFL.2021.027,WFL,,9/25/2021,0.5,268.00,9,2021,1,,,SUNY ESF,
SIC.WLL.2003.001,WLL,,6/4/2003,,155.00,6,2003,1,,,,"Added from ""SIC ALL WATERS 2.24.16"""
SIC.WLL.2003.002,WLL,,7/6/2003,,187.00,7,2003,1,,,,"Added from ""SIC ALL WATERS 2.24.16"""
SIC.WLL.2003.003,WLL,5,8/4/2003,,216.00,8,2003,1,,,,"Added from ""SIC ALL WATERS 2.24.16"""
SIC.WLL.2003.004,WLL,33,8/4/2003,,216.00,8,2003,2,,,,"Added from ""SIC ALL WATERS 2.24.16"""
SIC.WLL.2003.005,WLL,4,8/4/2003,,216.00,8,2003,3,,,,"Added from ""SIC ALL WATERS 2.24.16"""
SIC.WLL.2003.006,WLL,30,8/4/2003,,216.00,8,2003,4,,,,"Added from ""SIC ALL WATERS 2.24.16"""
SIC.WLL.2003.007,WLL,27,8/4/2003,,216.00,8,2003,5,,,,"Added from ""SIC ALL WATERS 2.24.16"""
SIC.WLL.2003.008,WLL,,8/4/2003,,216.00,8,2003,1,,,,"Added from ""SIC ALL WATERS 2.24.16"""
SIC.WLL.2003.009,WLL,,8/18/2003,,230.00,8,2003,1,,,,"Added from ""SIC ALL WATERS 2.24.16"""
SIC.WLL.2006.001,WLL,1,6/10/2006,0.5625,161.00,6,2006,1,15,,"EVC, EBR","Added from ""SIC ALL WATERS 2.24.16"""
SIC.WLL.2006.002,WLL,1,6/27/2006,0.4375,178.00,6,2006,1,20.5,,"EVC,CEK","Added from ""SIC ALL WATERS 2.24.16"""
SIC.WLL.2006.003,WLL,1,7/6/2006,0.399305556,187.00,7,2006,1,21,,"EVC,EBR","Added from ""SIC ALL WATERS 2.24.16"""
SIC.WLL.2006.004,WLL,1,7/21/2006,0.399305556,202.00,7,2006,1,25,,"EVC,EBR","Added from ""SIC ALL WATERS 2.24.16"""
SIC.WLL.2006.005,WLL,1,8/17/2006,0.458333333,229.00,8,2006,1,,,"EVC, BAV","Added from ""SIC ALL WATERS 2.24.16"""
SIC.WLL.2006.UNK,WLL,,,,,,2006,,,,,Added from 'JML ISOTOPE DATA'
SIC.WLL.2021.001,WLL,,7/27/2021,0.504861111,208.00,7,2021,1,,0,,
SIC.WTL.2009.001,WTL,,6/10/2009,0.458333333,161.00,6,2009,1,16.9,,"DCJ,JAC","Added from ""SIC ALL WATERS 2.24.16"""
SIC.WTL.2009.002,WTL,,6/29/2009,0.625,180.00,6,2009,1,21,,"DCJ,JAC","Added from ""SIC ALL WATERS 2.24.16"""
SIC.WTL.2009.003,WTL,,8/3/2009,0.604166667,215.00,8,2009,1,21.3,,"KJJ,JAC","Added from ""SIC ALL WATERS 2.24.16"""
SIC.WTL.2009.004,WTL,,9/4/2009,0.395833333,247.00,9,2009,1,18.8,,"DCJ,JAC","Added from ""SIC ALL WATERS 2.24.16"""
SIC.WTL.2021.001,WTL,,8/5/2021,0.474305556,217.00,8,2021,1,,0,,
SIC.WTL.2021.002,WTL,,10/15/2021,,288.00,10,2021,,,,,
SIC.WTL.2021.003,WTL,,10/15/2021,,288.00,10,2021,,,,,
SIC.WTL.2021.004,WTL,,10/15/2021,,288.00,10,2021,,,,,
SIC.WTL.2021.005,WTL,,10/15/2021,,288.00,10,2021,,,,,
SIC.WTL.2021.006,WTL,,10/15/2021,,288.00,10,2021,,,,,
SIC.WTL.2021.007,WTL,,10/15/2021,,288.00,10,2021,,,,,
SIC.WTL.2022.001,WTL,,10/11/2022,,284.00,10,2022,1,,0,KJJ,
